ASIN,keyword,commodity_item,brandName,price,comments,star_level,ranking,DATE
B07DRBBJXC,サンダル+レディース,[KOCOTA] 抗菌防臭素材 スリッパ サンダル 超軽量 滑り止め 男女兼用,KOCOTA,"￥918-￥1,088",302件のカスタマーレビュー,星5つ中の3.9,シューズ＆バッグ - 20位 (, 2018/2/2
B00T44XZXC,サンダル+レディース,[ハワイアナス] ビーチサンダル TOP,havaianas(ハワイアナス),"￥1,081-￥1,998",19件のカスタマーレビュー,星5つ中の3.7,"シューズ＆バッグ - 18,626位 (", 2018/12/5
B07JZV819R,サンダル+レディース,[アティカ] レディース スポーツサンダル Tesla Maya W111,ATIKA(アティカ),"￥1,597-￥2,930",192件のカスタマーレビュー,星5つ中の4.3,シューズ＆バッグ - 696位 (, 2016/8/8
B07Q9KYRHS,サンダル+レディース,[ZHPUAT] サンダル レディース ガールズ ビーチサンダル ローヒール 夏 歩きやすい 滑り止め フラットヒール ビーズ かわいい 美脚 ボヘミアン風,ZHPUAT,"￥999-￥2,399",38件のカスタマーレビュー,星5つ中の4.7,"シューズ＆バッグ - 4,202位 (", 2019/4/3
B01FLUUU76,サンダル+レディース,"サンダル レディース メンズ カジュアル おしゃれ スポーツサンダル カップル ペアお揃い 韓国風 歩きやすい ６色入り (25.0cm, back1)",アニメ専線,null,68件のカスタマーレビュー,星5つ中の3.3,"ホビー - 88,600位 (", 2016/5/13
B07L99MFHW,サンダル+レディース,[クロックス] サンダル ライトライド クロッグ 204592,crocs(クロックス),"￥2,149-￥15,001",16件のカスタマーレビュー,星5つ中の4.3,シューズ＆バッグ - 845位 (, 2019/4/6
B07CN7Z955,サンダル+レディース,[クロックス] シャワーサンダル クロックバンド 3.0 スライド,crocs(クロックス),"￥1,787-￥9,328",78件のカスタマーレビュー,星5つ中の3.9,シューズ＆バッグ - 153位 (, 2018/11/19
B07R4RHJ72,サンダル+レディース,[K&T] マリンシューズ ウォーターシューズ ビーチサンダル メンズ レディース キッズ 水陸両用 キャンプ 靴 海水浴 シューズ 釣り サンダル,K&T,"￥599-￥1,398",20件のカスタマーレビュー,星5つ中の4.3,シューズ＆バッグ - 448位 (, 2019/3/7
B07SB419ST,サンダル+レディース,[airupo] アイルポ 歩きやすく 疲れにくい シンプル レディース ビーチ サンダル,airupo,"￥1,500",16件のカスタマーレビュー,星5つ中の3.6,"シューズ＆バッグ - 2,874位 (", 2019/5/28
B01HAWVX88,サンダル+レディース,[パンジー] サンダル BB5303 レディース,Pansy(パンジー),"￥2,200-￥12,400",149件のカスタマーレビュー,星5つ中の4.2,"シューズ＆バッグ - 1,185位 (", 2010/11/24
B071R7YFH2,サンダル+レディース,Honel　レディース サンダル 歩きやすい アンクル ストラップ バックジップ 履きやすい 街歩き 滑り止め コンフォート　サンダル 靴 レディース ローヒール,Honel,￥659,20件のカスタマーレビュー,星5つ中の3.7,"ホビー - 125,282位 (", 2017/4/14
B01N8ODEHF,サンダル+レディース,[パルフェ] 5.5cmウェッジヒール 美脚ナースサンダル オフィスサンダル 17633 レディース,Parfait(パルフェ),"￥761-￥3,218",3件のカスタマーレビュー,星5つ中の4,"シューズ＆バッグ - 31,811位 (", 2016/12/4
B07SD4KSS5,サンダル+レディース,[MaxWant] サンダル フラットサンダル ビーチサンダル スリッパ レディース 夏 ペタンコ ローヒール 歩きやすい 痛くない かわいい,MaxWant,"￥1,580",63件のカスタマーレビュー,星5つ中の4.5,"シューズ＆バッグ - 2,126位 (", 2019/6/5
B07CN6CJLJ,サンダル+レディース,[クロックス] サンダル リバイバ スライド 205546,crocs(クロックス),"￥1,298-￥11,169",36件のカスタマーレビュー,星5つ中の4.3,"シューズ＆バッグ - 3,563位 (", 2019/3/25
B07T9YK6V3,サンダル+レディース,[HAFOS] サンダル レディース スポーツサンダル 厚底 ヒール ファッション メンズ 男女兼用 歩きやすい 水陸両用 美脚 (HUATENG) 22.5cm~27.0cm,HAFOS,"￥2,580",49件のカスタマーレビュー,星5つ中の3.7,"シューズ＆バッグ - 1,451位 (", 2019/6/23
B07Q3RK81D,サンダル+レディース,[JOYTO] 厚底サンダル ウエッジソール スエード調 レディース オープントゥ アンクルストラップサンダル ジッパー 7.5CM 歩きやすい 痛くない 前厚 軽量 疲れない カジュアル コンフォート 大きいサイズ,JOYTO,"￥799-￥2,665",16件のカスタマーレビュー,星5つ中の3.3,"シューズ＆バッグ - 36,483位 (", 2019/4/1
B07RJRNJCJ,サンダル+レディース,[Orktree] サンダル レディース 通勤 美脚 5cm オフィスサンダル 通勤 オフィス オシャレ カジュアル,Orktree,"￥1,880",32件のカスタマーレビュー,星5つ中の3.8,"シューズ＆バッグ - 3,794位 (", 2019/5/5
B07TSH96LP,サンダル+レディース,[Laferter] サンダル レディース 美脚 オフィスサンダル 通勤 オフィス オシャレ カジュアル,Laferter,"￥1,280-￥1,780",15件のカスタマーレビュー,星5つ中の4.3,"シューズ＆バッグ - 10,023位 (", 2019/6/3
B07PSF8FH5,サンダル+レディース,[Laprincesse] スポーツサンダル ウェッジソール メンズ レディース アウトドアストラップサンダル フラットサンダル 登山サンダル 厚底 ヒール コンフォートサンダル 黒 白 サンダル 歩きやすい かわいい 夏用,Laprincesse,"￥2,199",129件のカスタマーレビュー,星5つ中の4,シューズ＆バッグ - 372位 (, 2019/3/17
B0728CFDKQ,サンダル+レディース,（ハナハナ) HANAHAN 綿 細見せ 体型カバー 柔らか ロング マキシワンピース 夏 マタニティ ゆったり 楽ちん レディース 海 i030 (ブラック),（ハナハナ) HANAHANA,"￥1,960",17件のカスタマーレビュー,星5つ中の3,"ベビー＆マタニティ - 30,100位 (",2017/5/21
B07QKVT6G8,サンダル+レディース,[Z.SUO] ビーチサンダル マリンシューズ ウォーターシューズ 水陸両用 アクアシューズ シュノーケリング ビーチシューズ 軽量 通気 ヨガ サーフィン 人気,Z.SUO,"￥2,097-￥2,350",163件のカスタマーレビュー,星5つ中の4.8,"シューズ＆バッグ - 2,043位 (", 2019/8/18
B07VY982CN,サンダル+レディース,厚底 サンダル レディース シューズ おしゃれ ビーチサンダル ヒール 美脚 夏 スリッパ トングサンダル 歩きやすい 滑りにくい 軽量 靴,InSomila(インソミラ),"￥1,550",null,null,"服＆ファッション小物 - 27,601位 (", 2019/7/19
B005WW22DO,サンダル+レディース,[クロワッサン] サンダル CR4592 レディース,CROISSANT(クロワッサン),"￥3,350-￥5,580",71件のカスタマーレビュー,星5つ中の4,"シューズ＆バッグ - 5,410位 (", 2012/4/24
B077D83FP9,サンダル+レディース,[ブランアンジェ] ブランマルチ ナースサンダル レディース BA-blmulti 黒 白,Blanc Ange(ブランアンジェ),"￥2,580",7件のカスタマーレビュー,星5つ中の3.7,"シューズ＆バッグ - 4,832位 (", 2017/11/12
B0014C5RQK,サンダル+レディース,[クロックス] サンダル クラシック クロッグ 10001 (定番品),crocs(クロックス),"￥1,900-￥28,223",458件のカスタマーレビュー,星5つ中の4.3,シューズ＆バッグ - 108位 (, 2017/2/1
B00EC7N2KW,キャンメイク,キャンメイク マシュマロフィニッシュパウダー リフィルMO マットオークル 10g,キャンメイク,￥756,187件のカスタマーレビュー,星5つ中の4.5,ビューティー - 252位 (, 2013/8/5
B07QJ2LH6T,サンダル+レディース,[F-WIN] レディース安全靴ナースシューズ 高齢者シューズ 介護シューズ 歩行姿勢調整 矯正靴 メッシュ ベルクロ滑り止め 船型底 ウォーキングシューズ 厚底スニーカー 中高齢者靴 ママシューズ 看護師 作業靴,F-WIN,"￥1,390-￥2,380",17件のカスタマーレビュー,星5つ中の4.5,"シューズ＆バッグ - 3,178位 (", 2019/4/9
B07CBJ2V1V,サンダル+レディース,[Wanghong] 厚底 サボ サンダル ミュール ウェッジ ソール レディース オープントゥ ヒール 白 黒 カジュアル シンプル 軽い オフィス,Wanghong,"￥1,545-￥1,694",31件のカスタマーレビュー,星5つ中の3.8,"シューズ＆バッグ - 12,836位 (", 2018/4/4
B074259J6F,サンダル+レディース,[AMARISE] 正規品 フリルサンダル フリル かわいい サンダル ペタンコ ビーチ コンフォート スリッパ 3段,AMARISE,"￥899-￥1,499",26件のカスタマーレビュー,星5つ中の3.5,"シューズ＆バッグ - 4,669位 (", 2017/7/17
B001GS8OM6,キャンメイク,キャンメイク クイックラッシュカーラー 6g,キャンメイク,￥734,418件のカスタマーレビュー,星5つ中の4.1,ビューティー - 500位 (, 2008/9/30
B01M6ZUO7J,サンダル+レディース,[パンジー] 5.5cmウェッジヒール 美脚オフィスサンダル 黒 BB5308 レディース,Pansy(パンジー),"￥2,781-￥3,564",46件のカスタマーレビュー,星5つ中の3.4,"シューズ＆バッグ - 15,438位 (", 2014/2/14
B07SFHNMJN,サンダル+レディース,サンダル liqiuxiang レディース 軽い Comfort フラットシューズ レディ オープントゥ デザイン性 アンクルストラップ サマーシューズ 女性 レジャー 通気性 軽量 靴 海 夏,シューズ liqiuxiang,￥1-￥501,6件のカスタマーレビュー,星5つ中の5,"シューズ＆バッグ - 23,715位 (", 2019/5/28
B07FDP3V87,サンダル+レディース,[WOTTE] サンダル レディース メンズ コンフォートサンダル 軽量 おしゃれ 歩きやすい ファッションサンダル スリッパ 室内/室外履き,WOTTE,"￥1,250-￥1,350",34件のカスタマーレビュー,星5つ中の3.5,"シューズ＆バッグ - 1,348位 (", 2018/7/10
B005MVFRXM,キャンメイク,キャンメイク マシュマロフィニッシュパウダーMO マットオークル 10g,キャンメイク,"￥1,000",671件のカスタマーレビュー,星5つ中の4.1,ビューティー - 236位 (, 2011/9/14
B07C4JNLX1,サンダル+レディース,"ビーチサンダル レディース ヒール かわいい オシャレ タウン レジャー用 美脚 履き心地 カジュアル 靴 大人 厚底 ウェッジソール 軽量 歩きやすい (24, ブラック)",ノーブランド品,"￥1,458",5件のカスタマーレビュー,星5つ中の2.9,"ホビー - 61,256位 (", 2017/8/30
B07THVMCZF,サンダル+レディース,バレエシューズ パンプス リボン 大きいサイズ レディース wileqep 歩きやすい 靴バイカラー ローヒール フラットシューズ 柔らかい バレエシューズ 痛くない ぺたんこ ギャザー フラット 屋外 バレエ 美脚効果 シルバー 超可愛い 軽量,wileqep- パンプス,"￥949-￥1,299",6件のカスタマーレビュー,星5つ中の4.5,"シューズ＆バッグ - 12,934位 (", 2019/4/25
B07RDPFCVC,サンダル+レディース,[Ziitop] スリッポン ナースシューズ ママシューズ レディース安全靴 お年寄りシューズ ウオーキングシューズ レディースメッシュ ベルクロ滑り止め 厚底 軽量 通気 通勤 看護師 作業靴,Ziitop,"￥1,899-￥2,650",14件のカスタマーレビュー,星5つ中の4.6,"シューズ＆バッグ - 2,400位 (", 2019/8/20
B07SSW5L81,キャンメイク,キャンメイク パーフェクトスタイリストアイズ19 アーバンコッパー 2.75g,キャンメイク,￥842,198件のカスタマーレビュー,星5つ中の4.2,"ビューティー - 1,957位 (", 2019/6/11
B07N7WNKMH,サンダル+レディース,[Teddy] ビーチサンダル レディース 厚底 軽量 滑り止め トングサンダル ヒール 3.2cm 痛くない sandal042,Teddy,"￥700-￥1,100",10件のカスタマーレビュー,星5つ中の3.6,"シューズ＆バッグ - 2,869位 (", 2019/1/29
B07LCT7HF3,サンダル+レディース,[オニール] ビーチサンダル 629907 レディース,O'NEILL(オニール),"￥787-￥1,365",2件のカスタマーレビュー,星5つ中の5,"シューズ＆バッグ - 30,116位 (", 2019/4/21
B07SJR6S7R,サンダル+レディース,[ココマリ] シンプル 厚底 サンダル レディース 靴 ヒール シューズ 軽量 ミュール ビーチサンダル パンプス 歩きやすい,Coco&Mary(ココマリ),"￥1,580",7件のカスタマーレビュー,星5つ中の3,"シューズ＆バッグ - 6,731位 (", 2019/6/2
B07B456KKP,キャンメイク,キャンメイク クリーミータッチライナー02 ミディアムブラウン 0.08g,キャンメイク,￥702,79件のカスタマーレビュー,星5つ中の3.8,"ビューティー - 1,382位 (", 2018/2/27
B07W41TQBB,サンダル+レディース,[リバティードール] シルエットと履き心地を追求したジュート美脚ダブルクロスサンダル/5546 5546 レディース,Libertydoll[リバティードール],"￥2,700",null,null,null, 2019/8/5
B07SZSSS3C,サンダル+レディース,"Lazayyii サンダル レディース スポーツサンダル ビーチシューズ 水陸両用 軽量 (25, ブラック)",Lazayyii,￥930,null,null,"ホーム＆キッチン - 178,402位 (",2019/5/23
B01FAW8T6O,サンダル+レディース,ノンスリップ ソール で 滑りにくい シンプル ウェッジソール 厚底 サンダル 快適 美脚 脚長 効果 (05 ブラック 35 22.5cm),Gleoite,"￥1,313",10件のカスタマーレビュー,星5つ中の2.5,"服＆ファッション小物 - 81,581位 (", 2016/5/7
B075MG82P6,キャンメイク,キャンメイク ステイオンバームルージュT04 チョコレートリリー 2.5g,キャンメイク,￥626,131件のカスタマーレビュー,星5つ中の4.2,"ビューティー - 3,222位 (", 2017/9/14
B07CNR47Q8,サンダル+レディース,[Honel] 厚底サンダル リボン 夏 レディース サンダル ビーチサンダル 美脚 厚底 スリッパ 軽量 歩きやすい,Honel,￥428-￥486,1 件のカスタマーレビュー,星5つ中の2,null, 2018/4/25
B07VTDRXHZ,サンダル+レディース,[リバティードール] ふかふか低反発クッションと曲がるウエッジヒール セパレートストラップ美脚サンダル/4023 4023 レディース,Libertydoll[リバティードール],"￥2,700",null,null,"シューズ＆バッグ - 187,715位 (", 2019/7/29
B07Q6R7YCT,サンダル+レディース,[FAYSHOW] マリンシューズ レディース メンズ 超軽量 ウォーターシューズ 水陸両用 速乾 アクアシューズ 子供 ビーチサンダル 通気性 スイムシューズ シュノーケリング サーフィン ダイビング 水泳 ヨガ 男女兼用,FAYSHOW,"￥598-￥1,398",26件のカスタマーレビュー,星5つ中の4.6,"シューズ＆バッグ - 1,439位 (", 2019/3/30
B00X3E456K,キャンメイク,キャンメイク マーメイドスキンジェルUV 01 40g,キャンメイク,￥756,29件のカスタマーレビュー,星5つ中の4.2,"ビューティー - 6,137位 (", 2015/5/4
B07TY6BN1Z,サンダル+レディース,[ ジュナップ ] サンダル レディース 通勤 美脚 5cm オフィスサンダル 通勤 オフィス オシャレ カジュアル,JUNAP,"￥1,600-￥2,120",1 件のカスタマーレビュー,星5つ中の3,"服＆ファッション小物 - 30,959位 (", 2019/4/23
B07HF9SDJ2,サンダル+レディース,[ミネトンカ] サンダル MINNIE レディース,MINNETONKA(ミネトンカ),"￥1,793-￥7,788",null,null,"シューズ＆バッグ - 16,063位 (", 2019/4/7
B07GZBZKJJ,サンダル+レディース,[WOTTE] サンダル レディース メンズ シャワーサンダル カジュアル おしゃれ 歩きやすい スポーツサンダル スリッパ ベランダ 室内/室外履き,WOTTE,"￥999-￥1,450",39件のカスタマーレビュー,星5つ中の3.8,"シューズ＆バッグ - 2,014位 (", 2018/8/30
B0722JBB3P,キャンメイク,キャンメイク シークレットビューティーパウダー01 クリアパウダー 4.5g,キャンメイク,￥918,46件のカスタマーレビュー,星5つ中の3.7,"ビューティー - 1,057位 (", 2017/4/25
B07RVKPY9H,サンダル+レディース,[フェイミー] 在庫処分セール ローヒール サンダル ウェッジ ソール ストラップ 付き 履きやすい 歩きやすい 黒 22.0cm ～ 24.5cm レディース,FAAMEE(フェイミー),"￥1,380",5件のカスタマーレビュー,星5つ中の4.3,"シューズ＆バッグ - 6,793位 (", 2019/5/31
B07S1SG72G,サンダル+レディース,レディースビーチサンダル YOKINO サンダル レディース 太ヒール チャンキーヒール ハイヒール サンダル ハイヒール ミュール 細ヒール レディース パンプス シューズ,YOKINO レディース インヒール,"￥1,300-￥1,600",null,null,"シューズ＆バッグ - 106,189位 (", 2019/5/21
B07BJ9KVNJ,サンダル+レディース,[HAPLUE] サンダル スリッパ 室内履き 超軽量 速乾メッシュ 大きいサイズ ファッション カジュアル サンダル 男女兼用（22.5〜28cm）,HAPLUE,"￥1,880",117件のカスタマーレビュー,星5つ中の3.9,シューズ＆バッグ - 254位 (, 2018/3/18
B07QDHWMK7,キャンメイク,クリーミーファンデーションスティック (【02】ナチュラルベージュ),キャンメイク,"￥1,800",1 件のカスタマーレビュー,null,"ビューティー - 43,484位 (", 2019/4/8
B07GHCMYWZ,キャンメイク,キャンメイク クリームチーク16 アーモンドテラコッタ 2.2g,キャンメイク,null,254件のカスタマーレビュー,星5つ中の4.4,"ビューティー - 3,416位 (", 2018/8/15
B07SSP5QL8,サンダル+レディース,つま先 カバー レディース 足指ソックス 靴擦れ防止 レース ステルス 滑り止め付 つま先 サポーター 足裏汗取り 2足4枚セット,Eripro,"￥1,299",15件のカスタマーレビュー,星5つ中の4.9,"服＆ファッション小物 - 2,526位 (", 2019/6/24
B00O8T5U3G,サンダル+レディース,痛気持ち良い!! 足 つぼ 刺激 マッサージ 健康 サンダル スリッパ 指圧 予備 指圧 ピン付き (Ｌ:27?26㎝ 黒色[42-43]),ノーブランド品,"￥1,500",43件のカスタマーレビュー,星5つ中の2.8,"DIY・工具・ガーデン - 3,351位 (",2014/10/7
B07LGW1ZXW,サンダル+レディース,[ブランアンジェ] 2WAYクロス ナースサンダル レディース BA-2waycross,Blanc Ange(ブランアンジェ),"￥2,780",4件のカスタマーレビュー,星5つ中の4.2,"シューズ＆バッグ - 6,544位 (", 2018/12/19
B01K1DBK6S,キャンメイク,キャンメイク ナチュラルシフォンアイブロウ N04 ハニーナッツ 3.9g,キャンメイク,￥648,15件のカスタマーレビュー,星5つ中の3.9,"ビューティー - 37,171位 (", 2016/8/9
B07QCKCHR7,キャンメイク,キャンメイク クリーミーファンデーションスティック01 ライトベージュ 9.5g,キャンメイク,"￥1,650",2件のカスタマーレビュー,null,"ビューティー - 12,467位 (", 2019/4/10
B07QXRT8T8,サンダル+レディース,[HMIYA] マリンシューズ水陸両用ウォーターシューズ シュノーケリング アクアシューズ ビーチサンダル 軽量 男女兼用,HMIYA,"￥199-￥2,099",140件のカスタマーレビュー,星5つ中の4.2,シューズ＆バッグ - 630位 (, 2019/8/27
B00L8NE4OQ,サンダル+レディース,[Pearl] レディース ギョサン LA-95 M-LLサイズ,Pearl,"￥500-￥1,500",24件のカスタマーレビュー,星5つ中の3.9,"シューズ＆バッグ - 4,805位 (", 2014/6/24
B07SCB5W15,サンダル+レディース,サンダル liqiuxiang レディース 軽い Comfort フラットシューズ レディ オープントゥ デザイン性 アンクルストラップ サマーシューズ 女性 レジャー 通気性 軽量 靴 海 夏,シューズ liqiuxiang,￥1-￥501,6件のカスタマーレビュー,星5つ中の5,"シューズ＆バッグ - 23,715位 (", 2019/5/28
B004EODIX4,キャンメイク,キャンメイク ジェルボリュームトップコート 【HTRC3】,キャンメイク,￥626,15件のカスタマーレビュー,星5つ中の3.4,"ビューティー - 7,708位 (", 2010/12/2
B07M8KZCQG,キャンメイク,キャンメイク パウダーチークスPW41 アンティークローズ 4.0g,キャンメイク,￥594,140件のカスタマーレビュー,星5つ中の4.1,"ビューティー - 6,153位 (", 2018/12/20
B07D6HW1FC,サンダル+レディース,[MISIKEKE] ウォーターシューズ メンズ レディース マリンシューズ アクアシューズ 子供＆キッズ用 大人 男女兼用 シュノーケリング サーフィン ダイビング ビーチ プール 水泳 ヨガ 軽量 通気性 水陸両用 サンダル,MISIKEKE,"￥598-￥1,398",42件のカスタマーレビュー,星5つ中の4.6,シューズ＆バッグ - 278位 (, 2018/5/21
B07SN1VJ5H,サンダル+レディース,[セレブル] ファーストコンタクト FIRST CONTACT 日本製 美脚 ウェッジソール サンダル レディース ヒール 歩きやすい,Celeble(セレブル),"￥2,581-￥3,132",66件のカスタマーレビュー,星5つ中の4.3,"シューズ＆バッグ - 2,211位 (", 2016/7/10
B07C78S13C,サンダル+レディース,[ファッション メーカ] F&M サンダル レディース スニーカーサンダル 厚底 フラット スポーツ風 オープント 歩きやすい 疲れにくい 走れる 美脚 おしゃれ シンプル 大きいサイズ 通学 通勤,Fashion maker(ファッション メーカ),"￥1,198-￥5,060",17件のカスタマーレビュー,星5つ中の3.7,"シューズ＆バッグ - 2,504位 (", 2018/4/16
B00LHJC51U,キャンメイク,キャンメイク グロウフルールハイライター 01 プラネットライト 6.3g,キャンメイク,￥864,89件のカスタマーレビュー,星5つ中の3.7,"ビューティー - 21,145位 (", 2014/7/3
B07Q1P6RZX,キャンメイク,キャンメイク パーフェクトマルチアイズ 05 アーモンドモカ 3.0g,キャンメイク,￥842,88件のカスタマーレビュー,星5つ中の4.1,"ビューティー - 8,945位 (", 2019/3/20
B07FCHKGB2,サンダル+レディース,[Wazaza] 2018 室内履き替え ルームシューズ サンダル スリッパ 麻が呼吸するスリッパ お洒落で快適 リネンスリッパ ベーシック ボーダー 室内 麻 来客用,Wazaza,￥599-￥799,85件のカスタマーレビュー,星5つ中の4.2,シューズ＆バッグ - 798位 (, 2018/7/8
B07S195154,サンダル+レディース,[Florrita-シューズ＆バッグ] ビーチサンダル レディース 厚底 軽量トングサンダル シンプル無地 フリップフロップ トングサンダル ヒール 痛くない sandal 女性 ウェッジソール 歩きやすい 美脚 履き心地 靴 大人 夏 海 防水台,Florrita-シューズ＆バッグ,￥61-￥488,3件のカスタマーレビュー,星5つ中の2.6,"シューズ＆バッグ - 31,167位 (", 2019/7/31
B07RLYDHGZ,サンダル+レディース,[ONCAI] サンダル レディース ビルコフロー コルクサンダル アリゾナ EVA,ONCAI,"￥1,333-￥2,099",25件のカスタマーレビュー,星5つ中の4.8,"シューズ＆バッグ - 3,577位 (", 2019/8/21
B07WN87JPF,キャンメイク,キャンメイク ステイオンバームルージュTT05 スウィーティーポピー 2.5g,キャンメイク,null,null,null,"ビューティー - 75,941位 (", 2019/8/17
B006GHR6BM,キャンメイク,キャンメイク パーフェクトセラムBBクリーム 01 ライト 30g,キャンメイク,￥864,56件のカスタマーレビュー,星5つ中の2.9,"ビューティー - 16,941位 (", 2011/12/1
B0761ML78L,サンダル+レディース,[SIXSPACE] マリンシューズ ウォーターシューズ 男女兼用 水陸両用 速乾 アクアシューズ 軽量 通気性 滑り止め シュノーケリング ビーチサンダル,SIXSPACE,"￥899-￥5,999",342件のカスタマーレビュー,星5つ中の4.1,シューズ＆バッグ - 66位 (, 2019/8/20
B07V3R8SXJ,サンダル+レディース,[ZXCP] ビーチサンダル スポーツサンダル マリンシューズ ウォーターシューズ レディース サンダル 水陸両用 アクアシューズ シュノーケリング ビーチシューズ 軽量 通気 滑り止め,ZXCP,"￥2,550-￥2,889",88件のカスタマーレビュー,星5つ中の4.9,"シューズ＆バッグ - 5,141位 (", 2019/7/5
B07NZLSC56,サンダル+レディース,[セスト] 7cmヒール ゴムフィットサンダル AHS0401,SESTO(セスト),"￥2,999",32件のカスタマーレビュー,星5つ中の3.6,"シューズ＆バッグ - 4,410位 (", 2019/2/27
B015GNF5S2,キャンメイク,キャンメイク マット&クリスタルチークス01 アプリコットキャンディ 4.5g,キャンメイク,￥900,1 件のカスタマーレビュー,星5つ中の5,"ビューティー - 97,334位 (", 2015/9/17
B002G0YPK8,キャンメイク,キャンメイク アイブロウペンシル01 チャコールブラウン 0.3g,キャンメイク,￥432,47件のカスタマーレビュー,星5つ中の3.8,"ビューティー - 10,754位 (", 2009/7/3
B016W2YOQA,サンダル+レディース,[シャカ] サンダル NEO BUNGY,SHAKA(シャカ),"￥4,980-￥12,000",60件のカスタマーレビュー,星5つ中の4.1,"シューズ＆バッグ - 3,386位 (", 2016/4/18
B01J9F6TQA,サンダル+レディース,Aerusi sea081039 Ocean CorteシリーズスイカデザインFlip Flopサンダルスリッパ US Woman Size 7.5-8.5 / Man Size 6-7 SEA081039,Aerusi,￥523,null,null,"ホーム＆キッチン - 1,689,648位 (", 2017/5/9
B07PCS5JN6,サンダル+レディース,[オリエンタルトラフィック] Amazon限定カラー Amazon限定価格 サンダル クロス ベルト ストラップ 低い ヒール パーティー 9209 レディース,ORiental TRaffic(オリエンタルトラフィック),"￥2,970",76件のカスタマーレビュー,星5つ中の4.5,"シューズ＆バッグ - 1,399位 (", 2019/4/7
B07SY44MYR,キャンメイク,キャンメイク 3in1アイブロウ01 ナチュラルブラウン 0.57g,キャンメイク,￥972,null,null,"ビューティー - 23,105位 (", 2019/6/11
B06XCFZGXT,キャンメイク,キャンメイク カラースティック モイストラスティングカバー01 イエローベージュ 2.4g,キャンメイク,null,12件のカスタマーレビュー,星5つ中の3.8,"ビューティー - 50,699位 (", 2017/2/28
B07Q9Z8MZ8,サンダル+レディース,[Uroi] サンダル 男女兼用 スポーツサンダル レディース 厚底 ベルクロ ビーチサンダル ストラップサンダル コンフォートサンダル アウトドア カジュアル ぺたんこ,Uroi,"￥1,980-￥2,280",5件のカスタマーレビュー,星5つ中の3.2,"シューズ＆バッグ - 2,330位 (", 2019/4/3
B009GX8S42,サンダル+レディース,[ファーストレイト] ナースシューズ FR-416,FirstRate(ファーストレイト),"￥510-￥2,160",60件のカスタマーレビュー,星5つ中の3.4,"シューズ＆バッグ - 1,567位 (", 2017/7/20
B000KBZSQ0,サンダル+レディース,[ビルケンシュトック] サンダル ギゼ ビルコフロー,BIRKENSTOCK(ビルケンシュトック),"￥4,868-￥2,526,134",74件のカスタマーレビュー,星5つ中の4.2,"シューズ＆バッグ - 1,474位 (", 2015/4/1
B074CVM129,キャンメイク,キャンメイク マットフルールシェーディング01 ナチュラルブラウン 6g,キャンメイク,￥864,14件のカスタマーレビュー,星5つ中の3.4,"ビューティー - 20,445位 (", 2017/7/28
B07N6GNSZL,キャンメイク,キャンメイク ポアレスクリアプライマー01 クリア,キャンメイク,￥748,3件のカスタマーレビュー,星5つ中の2.7,"ビューティー - 20,052位 (", 2019/1/28
B07LFFSD85,サンダル+レディース,[ブリジットバーキン] ビーチサンダル エナメルトングサンダル レディース,Bridget Birkin(ブリジットバーキン),"￥1,513-￥6,372",null,null,"シューズ＆バッグ - 50,792位 (", 2019/5/14
B07T1C6DBQ,サンダル+レディース,サボ サンダル ぺたんこ レディース Hosam サンダル サボ スリッポン パンプス レインシューズ 歩きやすい フラット シューズ かわいい おしゃれ ぺたんこ スリッパ ルームシューズ ペタンコ レインパンプス 靴 軽量 来客用 蒸れない 涼しい,HoSam_shoes,"￥500-￥1,520",2件のカスタマーレビュー,星5つ中の4,"服＆ファッション小物 - 120,634位 (", 2019/6/13
B07B69ZS5N,サンダル+レディース,[パーセンター] レディース メンズ ルームシューズ 夏春 スリッパ 室内履き 静音で軽量 麻 可愛い 滑り止め 来客用 部屋用 ギフト,Percenter(パーセンター),"￥899-￥1,080",236件のカスタマーレビュー,星5つ中の4.5,シューズ＆バッグ - 250位 (, 2018/5/23
B00NW3F8T0,キャンメイク,キャンメイク カラーミキシングコンシーラー01 ライトベージュ 3.9g,キャンメイク,￥810,41件のカスタマーレビュー,星5つ中の3.6,"ビューティー - 8,885位 (", 2014/9/25
B07DFZSVLP,キャンメイク,キャンメイク カラフルネイルズN14 レディテラコッタ 8ml,キャンメイク,￥389,47件のカスタマーレビュー,星5つ中の4.2,"ビューティー - 4,995位 (", 2018/5/31
B07SR3W5TX,サンダル+レディース,[SILD] ナースシューズ レディース ナース スリッパ ナースサンダル メッシュ 室内用 通気 大きいサイズ 幅広い 疲れない シューズナース 看護師 ナース スニーカー 超軽量,SILD,"￥1,899-￥2,888",10件のカスタマーレビュー,星5つ中の4.1,"シューズ＆バッグ - 2,161位 (", 2019/6/4
B009GWR6QE,サンダル+レディース,[ファーストレイト] ナースシューズ FR-400,FirstRate(ファーストレイト),"￥365-￥1,866",210件のカスタマーレビュー,星5つ中の3.7,シューズ＆バッグ - 205位 (, 2013/1/29
B07L95J4WL,サンダル+レディース,[クロックス] サンダル ライトライド ウィメン 205106,crocs(クロックス),"￥2,403-￥9,518",45件のカスタマーレビュー,星5つ中の4,"シューズ＆バッグ - 5,294位 (", 2017/11/5
B002G10LRI,キャンメイク,キャンメイク アイライナーペンシル01 ブラック 0.2g,キャンメイク,￥432,13件のカスタマーレビュー,星5つ中の2.9,"ビューティー - 44,537位 (", 2009/7/3
B07Q248Y19,キャンメイク,キャンメイク マーメイドスキンジェルUV02 ホワイト 41ｇ,キャンメイク,null,1 件のカスタマーレビュー,星5つ中の5,"ビューティー - 13,998位 (", 2019/5/3
B07831CYL6,サンダル+レディース,[ウーフォス] リカバリーシューズ OOahh,OOFOS(ウーフォス),"￥6,264",51件のカスタマーレビュー,星5つ中の4.3,"シューズ＆バッグ - 1,029位 (", 2018/3/17
B07N6KSGR4,サンダル+レディース,[アディダス] スポーツサンダル ADILETTE SANDAL(DBE70),adidas(アディダス),"￥3,320-￥4,700",3件のカスタマーレビュー,星5つ中の3.6,"シューズ＆バッグ - 51,032位 (", 2019/1/28
B07V6FXNKQ,サンダル+レディース,[リバティードール] ふかふかクッション、曲がるウエッジ セパレートゴムストラップ美脚サンダル/5587 5587 レディース,Libertydoll[リバティードール],"￥2,144-￥2,784",null,null,"シューズ＆バッグ - 105,812位 (", 2019/7/9
B07HNS2T4Y,キャンメイク,キャンメイク カラーチェンジアイブロウ05 アッシュブラウン 4.9ｇ,キャンメイク,￥540,27件のカスタマーレビュー,星5つ中の3.9,"ビューティー - 29,812位 (", 2018/9/25
B00FKPSK5C,キャンメイク,キャンメイク グロウフルールチークス02 アプリコットフルール 6.3g,キャンメイク,null,166件のカスタマーレビュー,星5つ中の4.1,"ビューティー - 3,639位 (", 2013/10/3
B07QHFV35R,サンダル+レディース,[LIANNAO] レディシューズ 夏サンダル レディース オフィスサンダル 軽量 疲れない滑りめソール室内/室外履き カジュアルスポーツ水陸両用 速乾,LIANNAO,"￥1,455-￥2,160",24件のカスタマーレビュー,星5つ中の4.3,"シューズ＆バッグ - 9,569位 (", 2019/4/4
B07J5TX6MX,サンダル+レディース,[Qansi] サンダル メンズ レディース スリッパ (現行モデル),Qansi,"￥1,999-￥2,798",126件のカスタマーレビュー,星5つ中の4.2,シューズ＆バッグ - 470位 (, 2017/4/29
B01N0AL6LY,サンダル+レディース,[パルフェ] 5.5cmウェッジヒール 美脚ナースサンダル オフィスサンダル 17018 レディース,Parfait(パルフェ),"￥1,404-￥2,678",89件のカスタマーレビュー,星5つ中の4,"シューズ＆バッグ - 5,612位 (", 2014/8/13
B07B9GHSGY,キャンメイク,キャンメイク トランスペアレントフィニッシュパウダー リフィルPN パールナチュラル 10g,キャンメイク,￥756,2件のカスタマーレビュー,星5つ中の5,"ビューティー - 46,709位 (", 2018/3/7
B07PYFNYC7,キャンメイク,キャンメイク メルティールミナスルージュ 03 フェミニンコーラル 3.8g,キャンメイク,null,12件のカスタマーレビュー,星5つ中の4.2,"ビューティー - 26,925位 (", 2019/3/20
B07TMQSJC5,サンダル+レディース,[ココマリ] フラット ぺたんこ サンダル 歩きやすい ミュール おしゃれ ローヒール 靴 ビーチ 痛くない スリッパ レディース,Coco&Mary(ココマリ),"￥1,480",4件のカスタマーレビュー,星5つ中の4,"シューズ＆バッグ - 7,956位 (", 2019/6/27
B07SGDGM95,サンダル+レディース,[NeedBo] NDB サンダル 23.5～30.5センチ ビーチサンダル 島ぞうり ビーサン 室内履き シンプルでお洒落 メンズ 全5色,NeedBo,"￥1,099-￥1,299",63件のカスタマーレビュー,星5つ中の4.5,シューズ＆バッグ - 622位 (, 2017/10/26
B07KXS9JBG,サンダル+レディース,[アモジ] サンダル AM1782（2019モデル）,Amoji(アモジ),"￥1,880-￥1,980",175件のカスタマーレビュー,星5つ中の4.1,シューズ＆バッグ - 311位 (, 2018/11/27
B07HNRX31D,キャンメイク,キャンメイク アイシャドウベースBV ブラックヴェール 2g,キャンメイク,￥540,3件のカスタマーレビュー,星5つ中の4,"ビューティー - 53,557位 (", 2018/9/25
B002G0WOVU,キャンメイク,キャンメイク ラッシュケアエッセンス 4.2g,キャンメイク,￥626,310件のカスタマーレビュー,星5つ中の4.3,"ビューティー - 2,668位 (", 2009/12/23
B07TGGLDYJ,サンダル+レディース,バレエシューズ パンプス リボン 大きいサイズ レディース wileqep 歩きやすい 靴バイカラー ローヒール フラットシューズ 柔らかい バレエシューズ 痛くない ぺたんこ ギャザー フラット 屋外 バレエ 美脚効果 シルバー 超可愛い 軽量,wileqep- パンプス,"￥949-￥1,299",6件のカスタマーレビュー,星5つ中の4.5,"シューズ＆バッグ - 12,934位 (", 2019/4/25
B072XCWX55,サンダル+レディース,[ミネサム] サンダル レディース おしゃれ ミュール 透明 ユニーク 美脚 歩きやすい,Minesam(ミネサム),"￥1,599-￥2,599",9件のカスタマーレビュー,星5つ中の4.5,"シューズ＆バッグ - 11,872位 (", 2017/6/19
B07TSX5QC4,サンダル+レディース,[Ranberone] スリッパ 室内 サンダル 抗菌防臭 超軽量 健康 滑り止め 水切り 男女兼用 23.0~27.0センチ お風呂/ルーム/浴室/来客用,Ranberone,"￥1,099-￥1,299",4件のカスタマーレビュー,星5つ中の5,"シューズ＆バッグ - 4,382位 (", 2019/6/29
B07QB3LB19,キャンメイク,キャンメイク シマリングオーロラアイズ01オーロラピンク1.8g,キャンメイク,null,null,null,"ビューティー - 94,593位 (", 2019/4/2
B0031R4GM2,キャンメイク,キャンメイク ゴクブトマスカラ01 スーパーブラック 10g,キャンメイク,￥648,109件のカスタマーレビュー,星5つ中の3.8,"ビューティー - 3,689位 (", 2009/12/23
B07S77NSY9,サンダル+レディース,[アマービラス] オープントゥ ピンヒール メタリック ミュール サンダル,AMABILAS(アマービラス),"￥1,300-￥2,580",15件のカスタマーレビュー,星5つ中の3.8,"シューズ＆バッグ - 6,234位 (", 2018/5/3
B07T2MVHF6,サンダル+レディース,[Refoni] ウォーターシューズ マリンシューズ メンズ レディース アクアシューズ ビーチシューズ 靴 水陸両用 通気シューズ 軽量 速乾 磯靴 釣り用,Refoni,"￥1,299-￥2,299",25件のカスタマーレビュー,星5つ中の5,"シューズ＆バッグ - 1,151位 (", 2019/6/15
B07DFP8GHT,サンダル+レディース,[クロックス] シャワーサンダル ライトライド スライド 205183,crocs(クロックス),"￥2,028-￥15,363",41件のカスタマーレビュー,星5つ中の4.1,"シューズ＆バッグ - 1,865位 (", 2017/11/1
B07PYFFLPC,キャンメイク,キャンメイク トランスペアレントフィニッシュパウダー リフィル SA シャイニーアクアマリン 10.25g,キャンメイク,￥756,null,null,"ビューティー - 29,943位 (", 2019/3/20
B07NP9PC6M,キャンメイク,キャンメイク ジューシーピュアアイズ 11 ストロベリーココア 1.4g,キャンメイク,￥648,73件のカスタマーレビュー,星5つ中の4.1,"ビューティー - 11,463位 (", 2019/2/13
B07M99LSVZ,サンダル+レディース,[エル スポーツ] サンダル クロスベルトウェッジサンダル ESP_12517 レディース,ELLE SPORT(エル スポーツ),"￥955-￥4,212",1 件のカスタマーレビュー,星5つ中の5,"シューズ＆バッグ - 40,613位 (", 2019/4/21
B07RR3TZP3,サンダル+レディース,[Caligen] 水陸両用 メッシュ ウォーターシューズ マリンシューズ メンズ レディース ビーチシューズ シュノーケリングシューズ アクアシューズ ビーチサンダル 海用シューズ ユニセックス 旅行 川遊び 速乾 軽量 通気,Caligen,"￥999-￥2,290",36件のカスタマーレビュー,星5つ中の4.2,シューズ＆バッグ - 823位 (, 2019/7/11
B07QGYNPQF,サンダル+レディース,[ZOEREA] サンダル レディース ローヒール ぺたんこ ビーチサンダル 花柄 滑り止め 歩きやすい 春 夏 秋 必須な一足 楽チン,ZOEREA,"￥2,588-￥2,688",44件のカスタマーレビュー,星5つ中の4.3,"シューズ＆バッグ - 44,822位 (", 2019/4/8
B002G10KCY,キャンメイク,キャンメイク アイニュアンス20 ピンクラズベリー 3g,キャンメイク,"￥1,000",68件のカスタマーレビュー,星5つ中の3.8,"ビューティー - 91,398位 (", 2009/7/3
B00FKPSH50,キャンメイク,キャンメイク ラスティングマルチアイベース WP01 フロスティクリア 8g,キャンメイク,￥540,72件のカスタマーレビュー,星5つ中の4,"ビューティー - 4,018位 (", 2013/10/3
B06XR97B2V,サンダル+レディース,[パンジー] サンダル BB5302 レディース,Pansy(パンジー),"￥2,200-￥12,410",102件のカスタマーレビュー,星5つ中の4,シューズ＆バッグ - 827位 (, 2011/6/24
B07LCM4PDH,サンダル+レディース,[ビルケンシュトック] サンダル アリゾナ EVA (幅狭),BIRKENSTOCK(ビルケンシュトック),"￥2,800-￥30,610",169件のカスタマーレビュー,星5つ中の4,シューズ＆バッグ - 854位 (, 2015/7/16
B07NZMK3D2,サンダル+レディース,[セスト] 3.5cmヒールゴムフィットサンダルリラックスサンダル AHS7901,SESTO(セスト),"￥2,999",36件のカスタマーレビュー,星5つ中の3.8,"シューズ＆バッグ - 9,652位 (", 2019/2/27
B0031R9WXU,キャンメイク,キャンメイク シェーディングパウダー01 イエローブラウン 4.4g,キャンメイク,￥734,36件のカスタマーレビュー,星5つ中の4,"ビューティー - 5,308位 (", 2009/12/23
B07GHCM352,キャンメイク,キャンメイク マシュマロフィニッシュファンデーションMB マットベージュオークル 9.1g,キャンメイク,"￥1,026",14件のカスタマーレビュー,星5つ中の3.7,"ビューティー - 19,021位 (", 2018/8/15
B07FCY53YP,サンダル+レディース,[パワーソリューション] POWER SOLUTION メッシュで蒸れないからサラッと快適 外でサンダル 室内でルームシューズ 驚く軽さの 新感覚シーンチェンジサンダル 全8色,Power Slolution(パワーソリューション),"￥1,680-￥2,980",152件のカスタマーレビュー,星5つ中の4.2,"シューズ＆バッグ - 1,997位 (", 2016/12/21
B07S1M6VR4,サンダル+レディース,[ペットの愛] クリア パール オープントゥ ビーチサンダル ビーサン ピンクココマーク スリッパ ルームシューズ ビジューサンダル,ペットの愛,"￥805-￥1,700",2件のカスタマーレビュー,星5つ中の4.5,"シューズ＆バッグ - 28,582位 (", 2019/4/23
B07PDRBG4P,サンダル+レディース,[Zcoli] サンダル レディース リゾート ローヒール ビーチサンダル ビーズ トング ぺたんこ エスニックサンダル アジア風,Zcoli,"￥2,580-￥2,780",53件のカスタマーレビュー,星5つ中の4.2,"シューズ＆バッグ - 5,711位 (", 2019/3/7
B01C6LE0Q0,キャンメイク,セザンヌ UVクリアフェイスパウダー 01,セザンヌ,￥734,134件のカスタマーレビュー,星5つ中の4,"ビューティー - 4,002位 (", 2016/2/25
B07CZ6QJS7,キャンメイク,キャンメイク トランスペアレントフィニッシュパウダーSA シャイニーアクアマリン 10ｇ,キャンメイク,"￥1,015",94件のカスタマーレビュー,星5つ中の3.5,"ビューティー - 10,891位 (", 2018/5/9
B0059YG1QE,サンダル+レディース,[ナイキ] サンダル WMNS BENASSI JDI,NIKE(ナイキ),"￥1,779-￥14,402",35件のカスタマーレビュー,星5つ中の4.2,"シューズ＆バッグ - 3,944位 (", 2016/5/19
B07N75QXG4,サンダル+レディース,[アマービラス] 折りたたみ パンプス ぺたんこ フラット シューズ レディース 3色展開（黒・金・銀） 22.5～25.5,AMABILAS(アマービラス),"￥1,810-￥2,480",74件のカスタマーレビュー,星5つ中の4,シューズ＆バッグ - 686位 (, 2018/11/25
B07PQ87CWF,サンダル+レディース,[アモジ] サンダル 8818（2019モデル）,Amoji(アモジ),"￥2,180-￥2,280",40件のカスタマーレビュー,星5つ中の4.2,シューズ＆バッグ - 870位 (, 2018/3/26
B075MDTJD7,キャンメイク,キャンメイク キャンディラップリッチカラー01 スモーキーローズ 3g,キャンメイク,null,16件のカスタマーレビュー,星5つ中の4.1,"ビューティー - 62,188位 (", 2017/9/14
B00AIHN8H2,キャンメイク,キャンメイク ミックスアイブロウ03 ソフトブラウン 2g,キャンメイク,￥648,62件のカスタマーレビュー,星5つ中の3.9,"ビューティー - 5,595位 (", 2012/12/5
B07CTN6VSN,サンダル+レディース,[アンダーアーマー] コアPTH スライド(サンダル) 3021286 メンズ,UNDER ARMOUR(アンダーアーマー),"￥1,900-￥9,025",35件のカスタマーレビュー,星5つ中の4.5,"シューズ＆バッグ - 1,753位 (", 2019/2/8
B07TG7MX8L,サンダル+レディース,[Laprincesse] コンフォートサンダル スポーツサンダル サボサンダル サンダル レディース 女性 厚めソール ソール リラックス 夏 休日 ラフ オシャレ ソックスイン 今年顔 シンプル ビーチ バーベキュー アウトドア,Laprincesse,"￥2,280",14件のカスタマーレビュー,星5つ中の5,"シューズ＆バッグ - 7,619位 (", 2019/6/23
B01MQFV62P,サンダル+レディース,[パルフェ] 4.5cmウェッジヒール 美脚ナースサンダル オフィスサンダル 14732 レディース,Parfait(パルフェ),"￥2,150-￥2,678",5件のカスタマーレビュー,星5つ中の3.7,"シューズ＆バッグ - 33,847位 (", 2016/12/4
B07CZ94BY1,キャンメイク,キャンメイク レイヤードルックマスカラ02 ローズバーガンディ 6g,キャンメイク,￥864,8件のカスタマーレビュー,星5つ中の4.1,"ビューティー - 10,784位 (", 2018/5/9
B07S9R1XSB,キャンメイク,キャンメイク ロイヤルパールアイズ02 ワイングレージュ 2.4ｇ,キャンメイク,null,2件のカスタマーレビュー,星5つ中の1,"ビューティー - 60,490位 (", 2019/5/27
B07DNX8F6B,サンダル+レディース,[BIGU] ウォーターシューズ キッズ ジュニア サーフィンヨガ スキンシューズ マリンシューズ シュノーケリング アクアシューズ メンズ レディース ビーチサンダル 軽量 通気性 水陸両用,BIGU,"￥599-￥1,398",52件のカスタマーレビュー,星5つ中の3.8,"シューズ＆バッグ - 2,196位 (", 2018/4/7
B07D4CBNVC,サンダル+レディース,[HAFOS] サンダル レディース メンズ 歩きやすい スポーツサンダル ファッション カジュアル 韓国風 男女兼用 ペアお揃い ビーチサンダル 水陸両用 (IAORTA) 22.5cm~27.0cm,HAFOS,"￥2,580",49件のカスタマーレビュー,星5つ中の4.1,"シューズ＆バッグ - 3,169位 (", 2018/5/16
B07F6YC53X,サンダル+レディース,[アディダス] スポーツサンダル ADILETTE AQUA,adidas(アディダス),"￥1,279-￥6,440",31件のカスタマーレビュー,星5つ中の3.4,シューズ＆バッグ - 135位 (, 2018/12/12
B07HNSK883,キャンメイク,キャンメイク シークレットビューティーベース01 クリアナチュラル 15g,キャンメイク,￥702,6件のカスタマーレビュー,星5つ中の2.4,"ビューティー - 24,710位 (", 2018/9/25
B001GS8OJO,キャンメイク,キャンメイク カバー&ストレッチコンシーラーUＶ 02 ナチュラルベージュ 7.5g,キャンメイク,￥842,84件のカスタマーレビュー,星5つ中の3.7,"ビューティー - 13,775位 (", 2008/9/30
B07VRPNN8W,サンダル+レディース,ウェッジソール ミュール Foreted ビーチサンダル 履き心地 厚底靴 日常着用 オープントゥ 下履き スリッパ 痛くない 夏 海,シューズ Foreted,￥597-￥818,4件のカスタマーレビュー,星5つ中の4.5,null, 2019/5/12
B07MK48JH8,サンダル+レディース,[シーバイクロエ] ウェッジサンダル SB32202A レディース,See by Chloe(シーバイクロエ),"￥5,262-￥15,727",null,null,"シューズ＆バッグ - 67,896位 (", 2019/2/20
B0722TYVW8,サンダル+レディース,panaco トゥークッション ハイヒールやサンダルの滑り止め 保護 靴擦れ防止 目立たない つま先 サポーター,Panaco,￥580,12件のカスタマーレビュー,星5つ中の3.4,"服＆ファッション小物 - 18,577位 (", 2017/5/7
B00LGHDOGI,キャンメイク,キャンメイク マシュマロフィニッシュフェイスブラシ 01,キャンメイク,￥648,28件のカスタマーレビュー,星5つ中の4,"ビューティー - 11,392位 (", 2014/7/2
B07HNT11SP,キャンメイク,キャンメイク フルーティーピュアオイルリップ03 ライチソーダ 5.3g,キャンメイク,￥756,6件のカスタマーレビュー,星5つ中の3.2,"ビューティー - 58,277位 (", 2018/9/25
B07K2TX2NN,サンダル+レディース,[アディダス] スポーツサンダル ADISSAGE,adidas(アディダス),"￥1,580-￥4,099",28件のカスタマーレビュー,星5つ中の4,"シューズ＆バッグ - 13,389位 (", 2009/3/21
B077FCV5LR,サンダル+レディース,[テバ] サンダル Hurricane XLT2 1019235 【レディース】 (現行モデル),TEVA(テバ),"￥3,989-￥22,330",182件のカスタマーレビュー,星5つ中の4.5,シューズ＆バッグ - 710位 (, 2018/3/19
B07RP75GNC,サンダル+レディース,[ライオンガーデン] 厚底 ビーチサンダル 歩きやすい 軽い フラット サンダル 22.5~25.5 レディース,Lion garden (ライオンガーデン),"￥999-￥1,380",5件のカスタマーレビュー,星5つ中の4.7,"シューズ＆バッグ - 4,546位 (", 2019/5/21
B0081EG34E,キャンメイク,キャンメイク スムーススキンプライマーN ナチュラル 16g,キャンメイク,"￥2,160",11件のカスタマーレビュー,星5つ中の3.8,"ビューティー - 59,619位 (", 2012/5/8
B00CPXQJPK,キャンメイク,キャンメイク ステイオンバームルージュ03 タイニースウィートピー 2.7g,キャンメイク,￥626,260件のカスタマーレビュー,星5つ中の3.9,"ビューティー - 11,992位 (", 2013/5/11
B07VRRPGYB,サンダル+レディース,スリッパ キッズ メンズ レディース 子供スリッパ 子供用 ファミリルームシューズ 男の子 女の子 可愛い キッズ サンダル シャワーサンダル ビーチサンダル ベビーシューズ 室内履き滑り止め 浴室 来客用 軽量 携帯やすい Sakuranbo,Sakuranbo_子供靴,￥5-￥268,null,null,"服＆ファッション小物 - 31,147位 (", 2019/7/25
B07N1TNMVF,サンダル+レディース,[テリック] リカバリーサンダル FLIP FLOP,TELIC(テリック),"￥3,635-￥5,184",4件のカスタマーレビュー,星5つ中の3.8,"シューズ＆バッグ - 2,290位 (", 2015/6/4
B07DFJXG4F,サンダル+レディース,[クロックス] サンダル ライトライド クロッグ 204592 (定番品),crocs(クロックス),"￥3,931-￥21,216",123件のカスタマーレビュー,星5つ中の4.3,シューズ＆バッグ - 221位 (, 2017/11/1
B075TTWG1B,キャンメイク,キャンメイク クリームチーク ティント03 ピオニーメロウ 1.9g,キャンメイク,null,12件のカスタマーレビュー,星5つ中の3.4,"ビューティー - 61,625位 (", 2017/9/22
B07J4S4TPH,キャンメイク,キャンメイク リップティントマット04 テラコッタレッド 5ml,キャンメイク,￥702,11件のカスタマーレビュー,星5つ中の4.3,"ビューティー - 10,607位 (", 2018/10/8
B07QF62B6D,サンダル+レディース,[BIGU] ウォーターシューズ キッズ ジュニア サーフィンヨガ スキンシューズ マリンシューズ シュノーケリング アクアシューズ メンズ レディース ビーチサンダル 軽量 子供用 水陸両用,BIGU,"￥599-￥1,398",12件のカスタマーレビュー,星5つ中の4.6,"シューズ＆バッグ - 2,848位 (", 2019/1/11
B07S1GP2PK,サンダル+レディース,[Mokow] レディースサンダル スリッパ 花飾り 歩きやすい 可愛い おしゃれ ペタンコ オフィスサンダル ファッションサンダル ビーチサンダル レディース,Mokow,"￥1,880",26件のカスタマーレビュー,星5つ中の4.4,"シューズ＆バッグ - 21,248位 (", 2018/6/24
B07TLNZ1RP,サンダル+レディース,[ココマリ] ローヒール フラット ぺたんこ サンダル トング リボン 靴 シューズ ビーチ ビーサン 歩きやすい レディース,Coco&Mary(ココマリ),"￥1,580",4件のカスタマーレビュー,星5つ中の4.5,"シューズ＆バッグ - 13,736位 (", 2019/6/27
B07FVYX6TL,キャンメイク,キャンメイク ハイライター06 ピーチベージュ 4.4g,キャンメイク,￥594,59件のカスタマーレビュー,星5つ中の4,171位, 2018/7/24
B06WD3VC4W,キャンメイク,キャンメイク ラスティングリキッドライナー02 ビターチョコブラウン 0.6ml,キャンメイク,￥972,12件のカスタマーレビュー,星5つ中の4,"ビューティー - 21,187位 (", 2017/2/14
B000MT0OWS,サンダル+レディース,[ビルケンシュトック] サンダル ラムゼス ビルコフロー,BIRKENSTOCK(ビルケンシュトック),"￥6,290-￥2,492,601",58件のカスタマーレビュー,星5つ中の3.9,"シューズ＆バッグ - 6,311位 (", 2011/5/26
B07SZBX6P1,サンダル+レディース,[Orktree] スポーツ サンダル レディース スポーツサンダル 厚底 ファッション 歩きやすい 水陸両用 美脚 カジュアル,Orktree,"￥1,980",14件のカスタマーレビュー,星5つ中の4,"シューズ＆バッグ - 1,709位 (", 2019/6/14
B01EL0YCPI,サンダル+レディース,[アセット] サボ GSM2503BL レディース,asset(アセット),"￥1,400",5件のカスタマーレビュー,星5つ中の2.2,"シューズ＆バッグ - 47,320位 (", 2016/4/21
B01CZC77ZG,キャンメイク,キャンメイク パーフェクトスタイリストアイズ12 ドリーミングフラワー 3.8g,キャンメイク,"￥1,000",5件のカスタマーレビュー,星5つ中の3.9,"ビューティー - 44,356位 (", 2016/3/15
B075MC5RM4,キャンメイク,キャンメイク ボリュームアップレディグロス02 スパークリングブルー 5ml,キャンメイク,￥702,31件のカスタマーレビュー,星5つ中の3.7,"ビューティー - 28,881位 (", 2017/9/14
B07MV77GKZ,サンダル+レディース,[NeedBo] NDB ビーチサンダル 柔らかい 痛くない 島ぞうり PVC厚底 滑り止め ビーサン メンズ 軽量 カジュアル 室内履き アウトドア 海 プール リゾート,NeedBo,"￥1,020-￥1,199",18件のカスタマーレビュー,星5つ中の4.2,"シューズ＆バッグ - 2,233位 (", 2018/7/2
B07F6PJBGJ,サンダル+レディース,[MOOCHUU] サンダル メンズ レディース オシャレサンダル 履き心地抜群 プール ビーチ (3type),MOOCHUU,"￥2,480-￥2,980",23件のカスタマーレビュー,星5つ中の3.9,"シューズ＆バッグ - 34,670位 (", 2018/7/2
B07PYZS6RB,サンダル+レディース,[アモジ] ビーチサンダル FF162（2019モデル）,Amoji(アモジ),"￥1,780-￥1,880",47件のカスタマーレビュー,星5つ中の4.3,"シューズ＆バッグ - 1,648位 (", 2018/4/5
B00V45AC62,キャンメイク,キャンメイク  リップティントシロップ02 ストロベリーシロップ 3g,キャンメイク,￥702,79件のカスタマーレビュー,星5つ中の3.9,"ビューティー - 17,853位 (", 2015/3/24
B01GDLJAXW,キャンメイク,キャンメイク ラスティングマルチブロウコート01 クリア7ml,キャンメイク,￥540,14件のカスタマーレビュー,星5つ中の4.3,"ビューティー - 6,046位 (", 2016/5/31
B01EL03BY6,サンダル+レディース,ノンスリップ ソール で 滑りにくい シンプル ウェッジソール 厚底 サンダル 快適 美脚 脚長 効果 (01 ブラック 37 23.5cm),Gleoite,"￥1,180",6件のカスタマーレビュー,星5つ中の3.1,"服＆ファッション小物 - 65,453位 (", 2016/4/21
B01MR4XT5X,サンダル+レディース,[ルチアーノ バレンチノ] 日本製 6.5cmヒール 美脚オフィスサンダル サテン黒 IM3903 レディース,Luciano Valentino(ルチアーノ バレンチノ),"￥1,870-￥2,580",34件のカスタマーレビュー,星5つ中の4.1,"シューズ＆バッグ - 3,149位 (", 2017/1/27
B07RM3GPNB,サンダル+レディース,レディース ウェッジミュール Foreted オープントゥ ウェッジソール 2019春夏 サボサンダル ビーチサンダル 美脚 歩きやすい 厚底 ダイヤモンド付き おしゃれ ファッション,シューズ Foreted,￥514-￥887,2件のカスタマーレビュー,星5つ中の2.5,null, 2019/6/2
B00FKPSBGA,キャンメイク,キャンメイク クイックイージーアイライナー01 ブラック 0.5g,キャンメイク,null,54件のカスタマーレビュー,星5つ中の3.6,"ビューティー - 7,425位 (", 2013/10/3
B01CZC731O,キャンメイク,キャンメイク アイシャドウベースPP ピンクパール 2g,キャンメイク,￥540,83件のカスタマーレビュー,星5つ中の3.7,"ビューティー - 17,313位 (", 2016/3/15
B07L4ZV4Z3,サンダル+レディース,[アディダス] スポーツサンダル ADILETTE SANDAL,adidas(アディダス),"￥2,882-￥4,633",51件のカスタマーレビュー,星5つ中の4.4,"シューズ＆バッグ - 2,679位 (", 2019/1/28
B01EMSD4A8,サンダル+レディース,[テクシー] サンダル チュールサンダル TL-2875 レディース,TEXCY(テクシー),"￥1,699-￥3,564",13件のカスタマーレビュー,星5つ中の4.5,"シューズ＆バッグ - 35,338位 (", 2016/4/22
B07CN8ZD9X,サンダル+レディース,[クロックス] ビーチサンダル クロックバンド フリップ 11033,crocs(クロックス),"￥1,938-￥26,724",155件のカスタマーレビュー,星5つ中の4.3,シューズ＆バッグ - 586位 (, 2016/5/19
B07DFRCW31,キャンメイク,キャンメイク カラフルネイルズNBC ベースコート 8ml,キャンメイク,￥389,2件のカスタマーレビュー,星5つ中の3.4,"ビューティー - 11,912位 (", 2018/5/31
B07B45ZYTG,キャンメイク,キャンメイク ジュエリーシャドウベール03 ベビーローズ 2.4g,キャンメイク,￥648,41件のカスタマーレビュー,星5つ中の3.8,"ビューティー - 24,779位 (", 2018/2/27
B07WRPQTVD,サンダル+レディース,Lazayyii サンダル レディース ビーチサンダル ヒール 歩きやすい 美脚 ブラック 10cm (22.5),Lazayyii,"￥1,258",null,null,"ホーム＆キッチン - 389,959位 (",2019/5/22
B07K8YDCZQ,サンダル+レディース,[クロックス] サンダル クラシック クロッグ 10001,crocs(クロックス),"￥1,793-￥30,488",24件のカスタマーレビュー,星5つ中の4.4,"シューズ＆バッグ - 6,067位 (", 2018/6/20
B01N2VT8DF,キャンメイク,キャンメイク アイニュアンス32 ショコラアップル 3g,キャンメイク,￥626,1 件のカスタマーレビュー,星5つ中の5,1721位, 2016/12/20
B002G0WQXG,キャンメイク,キャンメイク ハイライター01 ミルキーホワイト 4.4g,キャンメイク,￥594,59件のカスタマーレビュー,星5つ中の4,"ビューティー - 3,683位 (", 2009/12/23
B07B3X83KQ,サンダル+レディース,[レディワーカー] アシックス商事 オフィスサンダル LO-16390 2E相当 6cmヒール レディース,Lady woker(レディワーカー),"￥3,132",19件のカスタマーレビュー,星5つ中の3.8,"シューズ＆バッグ - 1,988位 (", 2018/3/6
B00FKPSG1K,キャンメイク,キャンメイク ライティングリキッドアイズ01 シャンデリアベージュ 4g,キャンメイク,null,23件のカスタマーレビュー,星5つ中の3.6,"ビューティー - 17,801位 (", 2013/10/3
B008RI8DB0,キャンメイク,キャンメイク シェーディングパウダー03 ライトブラウン 4.4g,キャンメイク,￥734,65件のカスタマーレビュー,星5つ中の3.8,"ビューティー - 6,754位 (", 2012/8/2
B07W6NX6G8,サンダル+レディース,[リバティードール] シルエットと履き心地を追求したエスパ風リボンスリッパサンダル/4063 4063 レディース,Libertydoll[リバティードール],"￥2,700",null,null,null, 2019/8/7
B015GNF14U,キャンメイク,キャンメイク リップ&チーク ジェル02 アップルマンゴーパフェ 1.5g,キャンメイク,￥648,69件のカスタマーレビュー,星5つ中の4.2,"ビューティー - 13,650位 (", 2015/9/17
B07DFM67LN,キャンメイク,キャンメイク カラフルネイルズNNH ネイルハードナー 8ml,キャンメイク,￥389,1 件のカスタマーレビュー,星5つ中の4,"ビューティー - 24,944位 (", 2018/5/31
B07RPRSLVS,サンダル+レディース,[ワン アンブ] リボン サンダル 厚底 スポサン スポーツ スリッパ スリッポン シューズ レディース,ONE UMB (ワン アンブ),"￥1,680-￥1,980",7件のカスタマーレビュー,星5つ中の3.9,"シューズ＆バッグ - 10,978位 (", 2019/6/8
B01LZ1XJJ3,キャンメイク,キャンメイク マシュマロフィニッシュパウダーMO マットオークル 10g,キャンメイク,"￥1,014",671件のカスタマーレビュー,星5つ中の4.1,402位, 2016/10/4
B006GHR5EA,キャンメイク,キャンメイク クリーミータッチルージュ 01 マシュマロピンク 3.8g,キャンメイク,"￥1,200",9件のカスタマーレビュー,星5つ中の4.4,"ビューティー - 71,580位 (", 2011/12/1
B07RT5R2WX,サンダル+レディース,ビーチサンダル Foreted スリッポン バックバンド 歩きやすい 美脚 パンプス 流行 通勤 オフィス マタニティシューズ 女性らしい バックストラップ ファッション,シューズ Foreted,"￥786-￥1,186",null,null,"シューズ＆バッグ - 242,770位 (", 2019/5/15
B00V45APPK,キャンメイク,キャンメイク  フレアリングカールマスカラ01 ショコラブラック 4g,キャンメイク,￥702,18件のカスタマーレビュー,星5つ中の3.5,"ビューティー - 51,474位 (", 2015/3/24
B075MHXL8R,キャンメイク,キャンメイク リップティントジャム04 エスプレッソジャム 4g,キャンメイク,￥850,27件のカスタマーレビュー,星5つ中の3,"ビューティー - 21,882位 (", 2017/9/14
B07L8L2RKY,サンダル+レディース,[テバ] サンダル Flatform Universal レディース,TEVA(テバ),"￥5,180-￥8,424",41件のカスタマーレビュー,星5つ中の4.2,"シューズ＆バッグ - 4,851位 (", 2015/6/30
B07DFW8H77,キャンメイク,キャンメイク ユアチークオンリーティント01 5g,キャンメイク,￥756,2件のカスタマーレビュー,星5つ中の3,"ビューティー - 121,420位 (", 2018/5/31
B07DFSYZ5Y,キャンメイク,キャンメイク ジュエルスターアイズ17 ピンクオーロラ 1.5g,キャンメイク,￥626,48件のカスタマーレビュー,星5つ中の3.7,"ビューティー - 44,195位 (", 2018/5/31
B07TQ677CN,サンダル+レディース,オープントゥ サンダル 厚底靴 ウェッジサンダル ハイヒール 疲れない美脚 お呼ばれ 女性 シューズ ファッション 歩きやすい おしゃれ 低反発 結婚式 可愛い 安定,Zoiearl - レディースシューズ,￥370,null,null,null,2019/6/28
B00VRN59ZK,キャンメイク,ザ セム(The saem)カバーパーフェクション チップコンシーラー(SPF28/ PA++) (01クリアベージュ) [並行輸入品],ザ セム(The Saem),￥445,604件のカスタマーレビュー,星5つ中の4.4,ビューティー - 379位 (,2015/4/7
B00NW3FAVQ,キャンメイク,キャンメイク パウダリーブロウペンシル03 シナモンブラウン 1.3g,キャンメイク,￥486,11件のカスタマーレビュー,星5つ中の4.4,"ビューティー - 23,365位 (", 2014/9/25
B014IQCWZM,サンダル+レディース,[パンジー] 6768 デイリーサンダル ヘップ レディース 日本製 シャーリングと優しい光沢感が上品な印象,Pansy(パンジー),"￥2,484",17件のカスタマーレビュー,星5つ中の4.1,"シューズ＆バッグ - 11,679位 (", 2015/8/27
B078JM7VX4,キャンメイク,キャンメイク クイックラッシュカーラーER クリアホワイト 4.5g,キャンメイク,￥734,null,null,98位, 2017/12/26
