keyword,url,search_num,link_detail
サンダル+レディース,https://www.amazon.co.jp/s?k=サンダル+レディース&page=2&ref=nb_sb_noss,"検索結果 100,000 以上 のうち 49-96件",https://www.amazon.co.jp/dp/B071R7YFH2
サンダル+レディース,https://www.amazon.co.jp/s?k=サンダル+レディース&page=2&ref=nb_sb_noss,"検索結果 100,000 以上 のうち 49-96件",https://www.amazon.co.jp/dp/B01N8ODEHF
サンダル+レディース,https://www.amazon.co.jp/s?k=サンダル+レディース&page=1&ref=nb_sb_noss,"検索結果 100,000 以上 のうち 1-48件",https://www.amazon.co.jp/dp/B07SD4KSS5
サンダル+レディース,https://www.amazon.co.jp/s?k=サンダル+レディース&page=2&ref=nb_sb_noss,"検索結果 100,000 以上 のうち 49-96件",https://www.amazon.co.jp/dp/B07CN6CJLJ
サンダル+レディース,https://www.amazon.co.jp/s?k=サンダル+レディース&page=1&ref=nb_sb_noss,"検索結果 100,000 以上 のうち 1-48件",https://www.amazon.co.jp/dp/B07T9YK6V3
サンダル+レディース,https://www.amazon.co.jp/s?k=サンダル+レディース&page=2&ref=nb_sb_noss,"検索結果 100,000 以上 のうち 49-96件",https://www.amazon.co.jp/dp/B07Q3RK81D
サンダル+レディース,https://www.amazon.co.jp/s?k=サンダル+レディース&page=1&ref=nb_sb_noss,"検索結果 100,000 以上 のうち 1-48件",https://www.amazon.co.jp/dp/B07RJRNJCJ
サンダル+レディース,https://www.amazon.co.jp/s?k=サンダル+レディース&page=2&ref=nb_sb_noss,"検索結果 100,000 以上 のうち 49-96件",https://www.amazon.co.jp/dp/B07TSH96LP
サンダル+レディース,https://www.amazon.co.jp/s?k=サンダル+レディース&page=1&ref=nb_sb_noss,"検索結果 100,000 以上 のうち 1-48件",https://www.amazon.co.jp/dp/B07PSF8FH5
サンダル+レディース,https://www.amazon.co.jp/s?k=サンダル+レディース&page=2&ref=nb_sb_noss,"検索結果 100,000 以上 のうち 49-96件",https://www.amazon.co.jp/dp/B0728CFDKQ
サンダル+レディース,https://www.amazon.co.jp/s?k=サンダル+レディース&page=1&ref=nb_sb_noss,"検索結果 100,000 以上 のうち 1-48件",https://www.amazon.co.jp/dp/B07DRBBJXC
サンダル+レディース,https://www.amazon.co.jp/s?k=サンダル+レディース&page=2&ref=nb_sb_noss,"検索結果 100,000 以上 のうち 49-96件",https://www.amazon.co.jp/dp/B00T44XZXC
サンダル+レディース,https://www.amazon.co.jp/s?k=サンダル+レディース&page=1&ref=nb_sb_noss,"検索結果 100,000 以上 のうち 1-48件",https://www.amazon.co.jp/dp/B07JZV819R
サンダル+レディース,https://www.amazon.co.jp/s?k=サンダル+レディース&page=2&ref=nb_sb_noss,"検索結果 100,000 以上 のうち 49-96件",https://www.amazon.co.jp/dp/B07Q9KYRHS
サンダル+レディース,https://www.amazon.co.jp/s?k=サンダル+レディース&page=1&ref=nb_sb_noss,"検索結果 100,000 以上 のうち 1-48件",https://www.amazon.co.jp/dp/B01FLUUU76
サンダル+レディース,https://www.amazon.co.jp/s?k=サンダル+レディース&page=2&ref=nb_sb_noss,"検索結果 100,000 以上 のうち 49-96件",https://www.amazon.co.jp/dp/B07L99MFHW
サンダル+レディース,https://www.amazon.co.jp/s?k=サンダル+レディース&page=1&ref=nb_sb_noss,"検索結果 100,000 以上 のうち 1-48件",https://www.amazon.co.jp/dp/B07CN7Z955
サンダル+レディース,https://www.amazon.co.jp/s?k=サンダル+レディース&page=2&ref=nb_sb_noss,"検索結果 100,000 以上 のうち 49-96件",https://www.amazon.co.jp/dp/B07R4RHJ72
サンダル+レディース,https://www.amazon.co.jp/s?k=サンダル+レディース&page=1&ref=nb_sb_noss,"検索結果 100,000 以上 のうち 1-48件",https://www.amazon.co.jp/dp/B07SB419ST
サンダル+レディース,https://www.amazon.co.jp/s?k=サンダル+レディース&page=3&ref=nb_sb_noss,"検索結果 100,000 以上 のうち 97-144件",https://www.amazon.co.jp/dp/B01HAWVX88
サンダル+レディース,https://www.amazon.co.jp/s?k=サンダル+レディース&page=2&ref=nb_sb_noss,"検索結果 100,000 以上 のうち 49-96件",https://www.amazon.co.jp/dp/B07QKVT6G8
サンダル+レディース,https://www.amazon.co.jp/s?k=サンダル+レディース&page=1&ref=nb_sb_noss,"検索結果 100,000 以上 のうち 1-48件",https://www.amazon.co.jp/dp/B07VY982CN
サンダル+レディース,https://www.amazon.co.jp/s?k=サンダル+レディース&page=3&ref=nb_sb_noss,"検索結果 100,000 以上 のうち 97-144件",https://www.amazon.co.jp/dp/B005WW22DO
サンダル+レディース,https://www.amazon.co.jp/s?k=サンダル+レディース&page=2&ref=nb_sb_noss,"検索結果 100,000 以上 のうち 49-96件",https://www.amazon.co.jp/dp/B077D83FP9
サンダル+レディース,https://www.amazon.co.jp/s?k=サンダル+レディース&page=1&ref=nb_sb_noss,"検索結果 100,000 以上 のうち 1-48件",https://www.amazon.co.jp/dp/B0014C5RQK
キャンメイク,https://www.amazon.co.jp/s?k=キャンメイク&page=1&ref=nb_sb_noss,検索結果 352 のうち 1-48件,https://www.amazon.co.jp/dp/B00EC7N2KW
サンダル+レディース,https://www.amazon.co.jp/s?k=サンダル+レディース&page=3&ref=nb_sb_noss,"検索結果 100,000 以上 のうち 97-144件",https://www.amazon.co.jp/dp/B07QJ2LH6T
サンダル+レディース,https://www.amazon.co.jp/s?k=サンダル+レディース&page=2&ref=nb_sb_noss,"検索結果 100,000 以上 のうち 49-96件",https://www.amazon.co.jp/dp/B07CBJ2V1V
サンダル+レディース,https://www.amazon.co.jp/s?k=サンダル+レディース&page=1&ref=nb_sb_noss,"検索結果 100,000 以上 のうち 1-48件",https://www.amazon.co.jp/dp/B074259J6F
キャンメイク,https://www.amazon.co.jp/s?k=キャンメイク&page=1&ref=nb_sb_noss,検索結果 352 のうち 1-48件,https://www.amazon.co.jp/dp/B001GS8OM6
サンダル+レディース,https://www.amazon.co.jp/s?k=サンダル+レディース&page=3&ref=nb_sb_noss,"検索結果 100,000 以上 のうち 97-144件",https://www.amazon.co.jp/dp/B01M6ZUO7J
サンダル+レディース,https://www.amazon.co.jp/s?k=サンダル+レディース&page=2&ref=nb_sb_noss,"検索結果 100,000 以上 のうち 49-96件",https://www.amazon.co.jp/dp/B07SFHNMJN
サンダル+レディース,https://www.amazon.co.jp/s?k=サンダル+レディース&page=1&ref=nb_sb_noss,"検索結果 100,000 以上 のうち 1-48件",https://www.amazon.co.jp/dp/B07FDP3V87
キャンメイク,https://www.amazon.co.jp/s?k=キャンメイク&page=1&ref=nb_sb_noss,検索結果 352 のうち 1-48件,https://www.amazon.co.jp/dp/B005MVFRXM
サンダル+レディース,https://www.amazon.co.jp/s?k=サンダル+レディース&page=3&ref=nb_sb_noss,"検索結果 100,000 以上 のうち 97-144件",https://www.amazon.co.jp/dp/B07C4JNLX1
サンダル+レディース,https://www.amazon.co.jp/s?k=サンダル+レディース&page=2&ref=nb_sb_noss,"検索結果 100,000 以上 のうち 49-96件",https://www.amazon.co.jp/dp/B07THVMCZF
サンダル+レディース,https://www.amazon.co.jp/s?k=サンダル+レディース&page=1&ref=nb_sb_noss,"検索結果 100,000 以上 のうち 1-48件",https://www.amazon.co.jp/dp/B07RDPFCVC
キャンメイク,https://www.amazon.co.jp/s?k=キャンメイク&page=1&ref=nb_sb_noss,検索結果 352 のうち 1-48件,https://www.amazon.co.jp/dp/B07SSW5L81
サンダル+レディース,https://www.amazon.co.jp/s?k=サンダル+レディース&page=3&ref=nb_sb_noss,"検索結果 100,000 以上 のうち 97-144件",https://www.amazon.co.jp/dp/B07N7WNKMH
サンダル+レディース,https://www.amazon.co.jp/s?k=サンダル+レディース&page=2&ref=nb_sb_noss,"検索結果 100,000 以上 のうち 49-96件",https://www.amazon.co.jp/dp/B07LCT7HF3
サンダル+レディース,https://www.amazon.co.jp/s?k=サンダル+レディース&page=1&ref=nb_sb_noss,"検索結果 100,000 以上 のうち 1-48件",https://www.amazon.co.jp/dp/B07SJR6S7R
キャンメイク,https://www.amazon.co.jp/s?k=キャンメイク&page=1&ref=nb_sb_noss,検索結果 352 のうち 1-48件,https://www.amazon.co.jp/dp/B07B456KKP
サンダル+レディース,https://www.amazon.co.jp/s?k=サンダル+レディース&page=3&ref=nb_sb_noss,"検索結果 100,000 以上 のうち 97-144件",https://www.amazon.co.jp/dp/B07W41TQBB
サンダル+レディース,https://www.amazon.co.jp/s?k=サンダル+レディース&page=2&ref=nb_sb_noss,"検索結果 100,000 以上 のうち 49-96件",https://www.amazon.co.jp/dp/B07SZSSS3C
サンダル+レディース,https://www.amazon.co.jp/s?k=サンダル+レディース&page=1&ref=nb_sb_noss,"検索結果 100,000 以上 のうち 1-48件",https://www.amazon.co.jp/dp/B01FAW8T6O
キャンメイク,https://www.amazon.co.jp/s?k=キャンメイク&page=1&ref=nb_sb_noss,検索結果 352 のうち 1-48件,https://www.amazon.co.jp/dp/B075MG82P6
サンダル+レディース,https://www.amazon.co.jp/s?k=サンダル+レディース&page=3&ref=nb_sb_noss,"検索結果 100,000 以上 のうち 97-144件",https://www.amazon.co.jp/dp/B07CNR47Q8
サンダル+レディース,https://www.amazon.co.jp/s?k=サンダル+レディース&page=2&ref=nb_sb_noss,"検索結果 100,000 以上 のうち 49-96件",https://www.amazon.co.jp/dp/B07VTDRXHZ
サンダル+レディース,https://www.amazon.co.jp/s?k=サンダル+レディース&page=1&ref=nb_sb_noss,"検索結果 100,000 以上 のうち 1-48件",https://www.amazon.co.jp/dp/B07Q6R7YCT
キャンメイク,https://www.amazon.co.jp/s?k=キャンメイク&page=1&ref=nb_sb_noss,検索結果 352 のうち 1-48件,https://www.amazon.co.jp/dp/B00X3E456K
サンダル+レディース,https://www.amazon.co.jp/s?k=サンダル+レディース&page=3&ref=nb_sb_noss,"検索結果 100,000 以上 のうち 97-144件",https://www.amazon.co.jp/dp/B07TY6BN1Z
サンダル+レディース,https://www.amazon.co.jp/s?k=サンダル+レディース&page=2&ref=nb_sb_noss,"検索結果 100,000 以上 のうち 49-96件",https://www.amazon.co.jp/dp/B07HF9SDJ2
サンダル+レディース,https://www.amazon.co.jp/s?k=サンダル+レディース&page=1&ref=nb_sb_noss,"検索結果 100,000 以上 のうち 1-48件",https://www.amazon.co.jp/dp/B07GZBZKJJ
キャンメイク,https://www.amazon.co.jp/s?k=キャンメイク&page=1&ref=nb_sb_noss,検索結果 352 のうち 1-48件,https://www.amazon.co.jp/dp/B0722JBB3P
サンダル+レディース,https://www.amazon.co.jp/s?k=サンダル+レディース&page=3&ref=nb_sb_noss,"検索結果 100,000 以上 のうち 97-144件",https://www.amazon.co.jp/dp/B07RVKPY9H
サンダル+レディース,https://www.amazon.co.jp/s?k=サンダル+レディース&page=2&ref=nb_sb_noss,"検索結果 100,000 以上 のうち 49-96件",https://www.amazon.co.jp/dp/B07S1SG72G
サンダル+レディース,https://www.amazon.co.jp/s?k=サンダル+レディース&page=1&ref=nb_sb_noss,"検索結果 100,000 以上 のうち 1-48件",https://www.amazon.co.jp/dp/B07BJ9KVNJ
キャンメイク,https://www.amazon.co.jp/s?k=キャンメイク&page=2&ref=nb_sb_noss,検索結果 352 のうち 49-96件,https://www.amazon.co.jp/dp/B07QDHWMK7
キャンメイク,https://www.amazon.co.jp/s?k=キャンメイク&page=1&ref=nb_sb_noss,検索結果 352 のうち 1-48件,https://www.amazon.co.jp/dp/B07GHCMYWZ
サンダル+レディース,https://www.amazon.co.jp/s?k=サンダル+レディース&page=3&ref=nb_sb_noss,"検索結果 100,000 以上 のうち 97-144件",https://www.amazon.co.jp/dp/B07SSP5QL8
サンダル+レディース,https://www.amazon.co.jp/s?k=サンダル+レディース&page=2&ref=nb_sb_noss,"検索結果 100,000 以上 のうち 49-96件",https://www.amazon.co.jp/dp/B00O8T5U3G
サンダル+レディース,https://www.amazon.co.jp/s?k=サンダル+レディース&page=1&ref=nb_sb_noss,"検索結果 100,000 以上 のうち 1-48件",https://www.amazon.co.jp/dp/B07LGW1ZXW
キャンメイク,https://www.amazon.co.jp/s?k=キャンメイク&page=2&ref=nb_sb_noss,検索結果 352 のうち 49-96件,https://www.amazon.co.jp/dp/B01K1DBK6S
キャンメイク,https://www.amazon.co.jp/s?k=キャンメイク&page=1&ref=nb_sb_noss,検索結果 352 のうち 1-48件,https://www.amazon.co.jp/dp/B07QCKCHR7
サンダル+レディース,https://www.amazon.co.jp/s?k=サンダル+レディース&page=3&ref=nb_sb_noss,"検索結果 100,000 以上 のうち 97-144件",https://www.amazon.co.jp/dp/B07QXRT8T8
サンダル+レディース,https://www.amazon.co.jp/s?k=サンダル+レディース&page=2&ref=nb_sb_noss,"検索結果 100,000 以上 のうち 49-96件",https://www.amazon.co.jp/dp/B00L8NE4OQ
サンダル+レディース,https://www.amazon.co.jp/s?k=サンダル+レディース&page=1&ref=nb_sb_noss,"検索結果 100,000 以上 のうち 1-48件",https://www.amazon.co.jp/dp/B07SCB5W15
キャンメイク,https://www.amazon.co.jp/s?k=キャンメイク&page=2&ref=nb_sb_noss,検索結果 352 のうち 49-96件,https://www.amazon.co.jp/dp/B004EODIX4
キャンメイク,https://www.amazon.co.jp/s?k=キャンメイク&page=1&ref=nb_sb_noss,検索結果 352 のうち 1-48件,https://www.amazon.co.jp/dp/B07M8KZCQG
サンダル+レディース,https://www.amazon.co.jp/s?k=サンダル+レディース&page=3&ref=nb_sb_noss,"検索結果 100,000 以上 のうち 97-144件",https://www.amazon.co.jp/dp/B07D6HW1FC
サンダル+レディース,https://www.amazon.co.jp/s?k=サンダル+レディース&page=2&ref=nb_sb_noss,"検索結果 100,000 以上 のうち 49-96件",https://www.amazon.co.jp/dp/B07SN1VJ5H
サンダル+レディース,https://www.amazon.co.jp/s?k=サンダル+レディース&page=1&ref=nb_sb_noss,"検索結果 100,000 以上 のうち 1-48件",https://www.amazon.co.jp/dp/B07C78S13C
キャンメイク,https://www.amazon.co.jp/s?k=キャンメイク&page=2&ref=nb_sb_noss,検索結果 352 のうち 49-96件,https://www.amazon.co.jp/dp/B00LHJC51U
キャンメイク,https://www.amazon.co.jp/s?k=キャンメイク&page=1&ref=nb_sb_noss,検索結果 352 のうち 1-48件,https://www.amazon.co.jp/dp/B07Q1P6RZX
サンダル+レディース,https://www.amazon.co.jp/s?k=サンダル+レディース&page=3&ref=nb_sb_noss,"検索結果 100,000 以上 のうち 97-144件",https://www.amazon.co.jp/dp/B07FCHKGB2
サンダル+レディース,https://www.amazon.co.jp/s?k=サンダル+レディース&page=2&ref=nb_sb_noss,"検索結果 100,000 以上 のうち 49-96件",https://www.amazon.co.jp/dp/B07S195154
サンダル+レディース,https://www.amazon.co.jp/s?k=サンダル+レディース&page=1&ref=nb_sb_noss,"検索結果 100,000 以上 のうち 1-48件",https://www.amazon.co.jp/dp/B07RLYDHGZ
キャンメイク,https://www.amazon.co.jp/s?k=キャンメイク&page=2&ref=nb_sb_noss,検索結果 352 のうち 49-96件,https://www.amazon.co.jp/dp/B07WN87JPF
キャンメイク,https://www.amazon.co.jp/s?k=キャンメイク&page=1&ref=nb_sb_noss,検索結果 352 のうち 1-48件,https://www.amazon.co.jp/dp/B006GHR6BM
サンダル+レディース,https://www.amazon.co.jp/s?k=サンダル+レディース&page=3&ref=nb_sb_noss,"検索結果 100,000 以上 のうち 97-144件",https://www.amazon.co.jp/dp/B0761ML78L
サンダル+レディース,https://www.amazon.co.jp/s?k=サンダル+レディース&page=2&ref=nb_sb_noss,"検索結果 100,000 以上 のうち 49-96件",https://www.amazon.co.jp/dp/B07V3R8SXJ
サンダル+レディース,https://www.amazon.co.jp/s?k=サンダル+レディース&page=1&ref=nb_sb_noss,"検索結果 100,000 以上 のうち 1-48件",https://www.amazon.co.jp/dp/B07NZLSC56
キャンメイク,https://www.amazon.co.jp/s?k=キャンメイク&page=2&ref=nb_sb_noss,検索結果 352 のうち 49-96件,https://www.amazon.co.jp/dp/B015GNF5S2
キャンメイク,https://www.amazon.co.jp/s?k=キャンメイク&page=1&ref=nb_sb_noss,検索結果 352 のうち 1-48件,https://www.amazon.co.jp/dp/B002G0YPK8
サンダル+レディース,https://www.amazon.co.jp/s?k=サンダル+レディース&page=3&ref=nb_sb_noss,"検索結果 100,000 以上 のうち 97-144件",https://www.amazon.co.jp/dp/B016W2YOQA
サンダル+レディース,https://www.amazon.co.jp/s?k=サンダル+レディース&page=2&ref=nb_sb_noss,"検索結果 100,000 以上 のうち 49-96件",https://www.amazon.co.jp/dp/B01J9F6TQA
サンダル+レディース,https://www.amazon.co.jp/s?k=サンダル+レディース&page=1&ref=nb_sb_noss,"検索結果 100,000 以上 のうち 1-48件",https://www.amazon.co.jp/dp/B07PCS5JN6
キャンメイク,https://www.amazon.co.jp/s?k=キャンメイク&page=2&ref=nb_sb_noss,検索結果 352 のうち 49-96件,https://www.amazon.co.jp/dp/B07SY44MYR
キャンメイク,https://www.amazon.co.jp/s?k=キャンメイク&page=1&ref=nb_sb_noss,検索結果 352 のうち 1-48件,https://www.amazon.co.jp/dp/B06XCFZGXT
サンダル+レディース,https://www.amazon.co.jp/s?k=サンダル+レディース&page=3&ref=nb_sb_noss,"検索結果 100,000 以上 のうち 97-144件",https://www.amazon.co.jp/dp/B07Q9Z8MZ8
サンダル+レディース,https://www.amazon.co.jp/s?k=サンダル+レディース&page=2&ref=nb_sb_noss,"検索結果 100,000 以上 のうち 49-96件",https://www.amazon.co.jp/dp/B009GX8S42
サンダル+レディース,https://www.amazon.co.jp/s?k=サンダル+レディース&page=1&ref=nb_sb_noss,"検索結果 100,000 以上 のうち 1-48件",https://www.amazon.co.jp/dp/B000KBZSQ0
キャンメイク,https://www.amazon.co.jp/s?k=キャンメイク&page=2&ref=nb_sb_noss,検索結果 352 のうち 49-96件,https://www.amazon.co.jp/dp/B074CVM129
キャンメイク,https://www.amazon.co.jp/s?k=キャンメイク&page=1&ref=nb_sb_noss,検索結果 352 のうち 1-48件,https://www.amazon.co.jp/dp/B07N6GNSZL
サンダル+レディース,https://www.amazon.co.jp/s?k=サンダル+レディース&page=3&ref=nb_sb_noss,"検索結果 100,000 以上 のうち 97-144件",https://www.amazon.co.jp/dp/B07LFFSD85
サンダル+レディース,https://www.amazon.co.jp/s?k=サンダル+レディース&page=2&ref=nb_sb_noss,"検索結果 100,000 以上 のうち 49-96件",https://www.amazon.co.jp/dp/B07T1C6DBQ
サンダル+レディース,https://www.amazon.co.jp/s?k=サンダル+レディース&page=1&ref=nb_sb_noss,"検索結果 100,000 以上 のうち 1-48件",https://www.amazon.co.jp/dp/B07B69ZS5N
キャンメイク,https://www.amazon.co.jp/s?k=キャンメイク&page=2&ref=nb_sb_noss,検索結果 352 のうち 49-96件,https://www.amazon.co.jp/dp/B00NW3F8T0
キャンメイク,https://www.amazon.co.jp/s?k=キャンメイク&page=1&ref=nb_sb_noss,検索結果 352 のうち 1-48件,https://www.amazon.co.jp/dp/B07DFZSVLP
サンダル+レディース,https://www.amazon.co.jp/s?k=サンダル+レディース&page=3&ref=nb_sb_noss,"検索結果 100,000 以上 のうち 97-144件",https://www.amazon.co.jp/dp/B07SR3W5TX
サンダル+レディース,https://www.amazon.co.jp/s?k=サンダル+レディース&page=2&ref=nb_sb_noss,"検索結果 100,000 以上 のうち 49-96件",https://www.amazon.co.jp/dp/B009GWR6QE
サンダル+レディース,https://www.amazon.co.jp/s?k=サンダル+レディース&page=1&ref=nb_sb_noss,"検索結果 100,000 以上 のうち 1-48件",https://www.amazon.co.jp/dp/B07L95J4WL
キャンメイク,https://www.amazon.co.jp/s?k=キャンメイク&page=2&ref=nb_sb_noss,検索結果 352 のうち 49-96件,https://www.amazon.co.jp/dp/B002G10LRI
キャンメイク,https://www.amazon.co.jp/s?k=キャンメイク&page=1&ref=nb_sb_noss,検索結果 352 のうち 1-48件,https://www.amazon.co.jp/dp/B07Q248Y19
サンダル+レディース,https://www.amazon.co.jp/s?k=サンダル+レディース&page=3&ref=nb_sb_noss,"検索結果 100,000 以上 のうち 97-144件",https://www.amazon.co.jp/dp/B07831CYL6
サンダル+レディース,https://www.amazon.co.jp/s?k=サンダル+レディース&page=2&ref=nb_sb_noss,"検索結果 100,000 以上 のうち 49-96件",https://www.amazon.co.jp/dp/B07N6KSGR4
サンダル+レディース,https://www.amazon.co.jp/s?k=サンダル+レディース&page=1&ref=nb_sb_noss,"検索結果 100,000 以上 のうち 1-48件",https://www.amazon.co.jp/dp/B07V6FXNKQ
キャンメイク,https://www.amazon.co.jp/s?k=キャンメイク&page=2&ref=nb_sb_noss,検索結果 352 のうち 49-96件,https://www.amazon.co.jp/dp/B07HNS2T4Y
キャンメイク,https://www.amazon.co.jp/s?k=キャンメイク&page=1&ref=nb_sb_noss,検索結果 352 のうち 1-48件,https://www.amazon.co.jp/dp/B00FKPSK5C
サンダル+レディース,https://www.amazon.co.jp/s?k=サンダル+レディース&page=3&ref=nb_sb_noss,"検索結果 100,000 以上 のうち 97-144件",https://www.amazon.co.jp/dp/B07QHFV35R
サンダル+レディース,https://www.amazon.co.jp/s?k=サンダル+レディース&page=2&ref=nb_sb_noss,"検索結果 100,000 以上 のうち 49-96件",https://www.amazon.co.jp/dp/B07J5TX6MX
サンダル+レディース,https://www.amazon.co.jp/s?k=サンダル+レディース&page=1&ref=nb_sb_noss,"検索結果 100,000 以上 のうち 1-48件",https://www.amazon.co.jp/dp/B01N0AL6LY
キャンメイク,https://www.amazon.co.jp/s?k=キャンメイク&page=2&ref=nb_sb_noss,検索結果 352 のうち 49-96件,https://www.amazon.co.jp/dp/B07B9GHSGY
キャンメイク,https://www.amazon.co.jp/s?k=キャンメイク&page=1&ref=nb_sb_noss,検索結果 352 のうち 1-48件,https://www.amazon.co.jp/dp/B07PYFNYC7
サンダル+レディース,https://www.amazon.co.jp/s?k=サンダル+レディース&page=3&ref=nb_sb_noss,"検索結果 100,000 以上 のうち 97-144件",https://www.amazon.co.jp/dp/B07TMQSJC5
サンダル+レディース,https://www.amazon.co.jp/s?k=サンダル+レディース&page=2&ref=nb_sb_noss,"検索結果 100,000 以上 のうち 49-96件",https://www.amazon.co.jp/dp/B07SGDGM95
サンダル+レディース,https://www.amazon.co.jp/s?k=サンダル+レディース&page=1&ref=nb_sb_noss,"検索結果 100,000 以上 のうち 1-48件",https://www.amazon.co.jp/dp/B07KXS9JBG
キャンメイク,https://www.amazon.co.jp/s?k=キャンメイク&page=2&ref=nb_sb_noss,検索結果 352 のうち 49-96件,https://www.amazon.co.jp/dp/B07HNRX31D
キャンメイク,https://www.amazon.co.jp/s?k=キャンメイク&page=1&ref=nb_sb_noss,検索結果 352 のうち 1-48件,https://www.amazon.co.jp/dp/B002G0WOVU
サンダル+レディース,https://www.amazon.co.jp/s?k=サンダル+レディース&page=3&ref=nb_sb_noss,"検索結果 100,000 以上 のうち 97-144件",https://www.amazon.co.jp/dp/B07TGGLDYJ
サンダル+レディース,https://www.amazon.co.jp/s?k=サンダル+レディース&page=2&ref=nb_sb_noss,"検索結果 100,000 以上 のうち 49-96件",https://www.amazon.co.jp/dp/B072XCWX55
サンダル+レディース,https://www.amazon.co.jp/s?k=サンダル+レディース&page=1&ref=nb_sb_noss,"検索結果 100,000 以上 のうち 1-48件",https://www.amazon.co.jp/dp/B07TSX5QC4
キャンメイク,https://www.amazon.co.jp/s?k=キャンメイク&page=2&ref=nb_sb_noss,検索結果 352 のうち 49-96件,https://www.amazon.co.jp/dp/B07QB3LB19
キャンメイク,https://www.amazon.co.jp/s?k=キャンメイク&page=1&ref=nb_sb_noss,検索結果 352 のうち 1-48件,https://www.amazon.co.jp/dp/B0031R4GM2
サンダル+レディース,https://www.amazon.co.jp/s?k=サンダル+レディース&page=3&ref=nb_sb_noss,"検索結果 100,000 以上 のうち 97-144件",https://www.amazon.co.jp/dp/B07S77NSY9
サンダル+レディース,https://www.amazon.co.jp/s?k=サンダル+レディース&page=2&ref=nb_sb_noss,"検索結果 100,000 以上 のうち 49-96件",https://www.amazon.co.jp/dp/B07T2MVHF6
サンダル+レディース,https://www.amazon.co.jp/s?k=サンダル+レディース&page=1&ref=nb_sb_noss,"検索結果 100,000 以上 のうち 1-48件",https://www.amazon.co.jp/dp/B07DFP8GHT
キャンメイク,https://www.amazon.co.jp/s?k=キャンメイク&page=2&ref=nb_sb_noss,検索結果 352 のうち 49-96件,https://www.amazon.co.jp/dp/B07PYFFLPC
キャンメイク,https://www.amazon.co.jp/s?k=キャンメイク&page=1&ref=nb_sb_noss,検索結果 352 のうち 1-48件,https://www.amazon.co.jp/dp/B07NP9PC6M
サンダル+レディース,https://www.amazon.co.jp/s?k=サンダル+レディース&page=3&ref=nb_sb_noss,"検索結果 100,000 以上 のうち 97-144件",https://www.amazon.co.jp/dp/B07M99LSVZ
サンダル+レディース,https://www.amazon.co.jp/s?k=サンダル+レディース&page=2&ref=nb_sb_noss,"検索結果 100,000 以上 のうち 49-96件",https://www.amazon.co.jp/dp/B07RR3TZP3
サンダル+レディース,https://www.amazon.co.jp/s?k=サンダル+レディース&page=1&ref=nb_sb_noss,"検索結果 100,000 以上 のうち 1-48件",https://www.amazon.co.jp/dp/B07QGYNPQF
キャンメイク,https://www.amazon.co.jp/s?k=キャンメイク&page=2&ref=nb_sb_noss,検索結果 352 のうち 49-96件,https://www.amazon.co.jp/dp/B002G10KCY
キャンメイク,https://www.amazon.co.jp/s?k=キャンメイク&page=1&ref=nb_sb_noss,検索結果 352 のうち 1-48件,https://www.amazon.co.jp/dp/B00FKPSH50
サンダル+レディース,https://www.amazon.co.jp/s?k=サンダル+レディース&page=3&ref=nb_sb_noss,"検索結果 100,000 以上 のうち 97-144件",https://www.amazon.co.jp/dp/B06XR97B2V
サンダル+レディース,https://www.amazon.co.jp/s?k=サンダル+レディース&page=2&ref=nb_sb_noss,"検索結果 100,000 以上 のうち 49-96件",https://www.amazon.co.jp/dp/B07LCM4PDH
サンダル+レディース,https://www.amazon.co.jp/s?k=サンダル+レディース&page=1&ref=nb_sb_noss,"検索結果 100,000 以上 のうち 1-48件",https://www.amazon.co.jp/dp/B07NZMK3D2
キャンメイク,https://www.amazon.co.jp/s?k=キャンメイク&page=2&ref=nb_sb_noss,検索結果 352 のうち 49-96件,https://www.amazon.co.jp/dp/B0031R9WXU
キャンメイク,https://www.amazon.co.jp/s?k=キャンメイク&page=1&ref=nb_sb_noss,検索結果 352 のうち 1-48件,https://www.amazon.co.jp/dp/B07GHCM352
サンダル+レディース,https://www.amazon.co.jp/s?k=サンダル+レディース&page=3&ref=nb_sb_noss,"検索結果 100,000 以上 のうち 97-144件",https://www.amazon.co.jp/dp/B07FCY53YP
サンダル+レディース,https://www.amazon.co.jp/s?k=サンダル+レディース&page=2&ref=nb_sb_noss,"検索結果 100,000 以上 のうち 49-96件",https://www.amazon.co.jp/dp/B07S1M6VR4
サンダル+レディース,https://www.amazon.co.jp/s?k=サンダル+レディース&page=1&ref=nb_sb_noss,"検索結果 100,000 以上 のうち 1-48件",https://www.amazon.co.jp/dp/B07PDRBG4P
キャンメイク,https://www.amazon.co.jp/s?k=キャンメイク&page=2&ref=nb_sb_noss,検索結果 352 のうち 49-96件,https://www.amazon.co.jp/dp/B01C6LE0Q0
キャンメイク,https://www.amazon.co.jp/s?k=キャンメイク&page=1&ref=nb_sb_noss,検索結果 352 のうち 1-48件,https://www.amazon.co.jp/dp/B07CZ6QJS7
サンダル+レディース,https://www.amazon.co.jp/s?k=サンダル+レディース&page=3&ref=nb_sb_noss,"検索結果 100,000 以上 のうち 97-144件",https://www.amazon.co.jp/dp/B0059YG1QE
サンダル+レディース,https://www.amazon.co.jp/s?k=サンダル+レディース&page=2&ref=nb_sb_noss,"検索結果 100,000 以上 のうち 49-96件",https://www.amazon.co.jp/dp/B07N75QXG4
サンダル+レディース,https://www.amazon.co.jp/s?k=サンダル+レディース&page=1&ref=nb_sb_noss,"検索結果 100,000 以上 のうち 1-48件",https://www.amazon.co.jp/dp/B07PQ87CWF
キャンメイク,https://www.amazon.co.jp/s?k=キャンメイク&page=2&ref=nb_sb_noss,検索結果 352 のうち 49-96件,https://www.amazon.co.jp/dp/B075MDTJD7
キャンメイク,https://www.amazon.co.jp/s?k=キャンメイク&page=1&ref=nb_sb_noss,検索結果 352 のうち 1-48件,https://www.amazon.co.jp/dp/B00AIHN8H2
サンダル+レディース,https://www.amazon.co.jp/s?k=サンダル+レディース&page=3&ref=nb_sb_noss,"検索結果 100,000 以上 のうち 97-144件",https://www.amazon.co.jp/dp/B07CTN6VSN
サンダル+レディース,https://www.amazon.co.jp/s?k=サンダル+レディース&page=2&ref=nb_sb_noss,"検索結果 100,000 以上 のうち 49-96件",https://www.amazon.co.jp/dp/B07TG7MX8L
サンダル+レディース,https://www.amazon.co.jp/s?k=サンダル+レディース&page=1&ref=nb_sb_noss,"検索結果 100,000 以上 のうち 1-48件",https://www.amazon.co.jp/dp/B01MQFV62P
キャンメイク,https://www.amazon.co.jp/s?k=キャンメイク&page=2&ref=nb_sb_noss,検索結果 352 のうち 49-96件,https://www.amazon.co.jp/dp/B07CZ94BY1
キャンメイク,https://www.amazon.co.jp/s?k=キャンメイク&page=1&ref=nb_sb_noss,検索結果 352 のうち 1-48件,https://www.amazon.co.jp/dp/B07S9R1XSB
サンダル+レディース,https://www.amazon.co.jp/s?k=サンダル+レディース&page=3&ref=nb_sb_noss,"検索結果 100,000 以上 のうち 97-144件",https://www.amazon.co.jp/dp/B07DNX8F6B
サンダル+レディース,https://www.amazon.co.jp/s?k=サンダル+レディース&page=2&ref=nb_sb_noss,"検索結果 100,000 以上 のうち 49-96件",https://www.amazon.co.jp/dp/B07D4CBNVC
サンダル+レディース,https://www.amazon.co.jp/s?k=サンダル+レディース&page=1&ref=nb_sb_noss,"検索結果 100,000 以上 のうち 1-48件",https://www.amazon.co.jp/dp/B07F6YC53X
キャンメイク,https://www.amazon.co.jp/s?k=キャンメイク&page=2&ref=nb_sb_noss,検索結果 352 のうち 49-96件,https://www.amazon.co.jp/dp/B07HNSK883
キャンメイク,https://www.amazon.co.jp/s?k=キャンメイク&page=1&ref=nb_sb_noss,検索結果 352 のうち 1-48件,https://www.amazon.co.jp/dp/B001GS8OJO
サンダル+レディース,https://www.amazon.co.jp/s?k=サンダル+レディース&page=3&ref=nb_sb_noss,"検索結果 100,000 以上 のうち 97-144件",https://www.amazon.co.jp/dp/B07VRPNN8W
サンダル+レディース,https://www.amazon.co.jp/s?k=サンダル+レディース&page=2&ref=nb_sb_noss,"検索結果 100,000 以上 のうち 49-96件",https://www.amazon.co.jp/dp/B07MK48JH8
サンダル+レディース,https://www.amazon.co.jp/s?k=サンダル+レディース&page=1&ref=nb_sb_noss,"検索結果 100,000 以上 のうち 1-48件",https://www.amazon.co.jp/dp/B0722TYVW8
キャンメイク,https://www.amazon.co.jp/s?k=キャンメイク&page=2&ref=nb_sb_noss,検索結果 352 のうち 49-96件,https://www.amazon.co.jp/dp/B00LGHDOGI
キャンメイク,https://www.amazon.co.jp/s?k=キャンメイク&page=1&ref=nb_sb_noss,検索結果 352 のうち 1-48件,https://www.amazon.co.jp/dp/B07HNT11SP
サンダル+レディース,https://www.amazon.co.jp/s?k=サンダル+レディース&page=3&ref=nb_sb_noss,"検索結果 100,000 以上 のうち 97-144件",https://www.amazon.co.jp/dp/B07K2TX2NN
サンダル+レディース,https://www.amazon.co.jp/s?k=サンダル+レディース&page=2&ref=nb_sb_noss,"検索結果 100,000 以上 のうち 49-96件",https://www.amazon.co.jp/dp/B077FCV5LR
サンダル+レディース,https://www.amazon.co.jp/s?k=サンダル+レディース&page=1&ref=nb_sb_noss,"検索結果 100,000 以上 のうち 1-48件",https://www.amazon.co.jp/dp/B07RP75GNC
キャンメイク,https://www.amazon.co.jp/s?k=キャンメイク&page=2&ref=nb_sb_noss,検索結果 352 のうち 49-96件,https://www.amazon.co.jp/dp/B0081EG34E
キャンメイク,https://www.amazon.co.jp/s?k=キャンメイク&page=1&ref=nb_sb_noss,検索結果 352 のうち 1-48件,https://www.amazon.co.jp/dp/B00CPXQJPK
サンダル+レディース,https://www.amazon.co.jp/s?k=サンダル+レディース&page=3&ref=nb_sb_noss,"検索結果 100,000 以上 のうち 97-144件",https://www.amazon.co.jp/dp/B07VRRPGYB
サンダル+レディース,https://www.amazon.co.jp/s?k=サンダル+レディース&page=2&ref=nb_sb_noss,"検索結果 100,000 以上 のうち 49-96件",https://www.amazon.co.jp/dp/B07N1TNMVF
サンダル+レディース,https://www.amazon.co.jp/s?k=サンダル+レディース&page=1&ref=nb_sb_noss,"検索結果 100,000 以上 のうち 1-48件",https://www.amazon.co.jp/dp/B07DFJXG4F
キャンメイク,https://www.amazon.co.jp/s?k=キャンメイク&page=2&ref=nb_sb_noss,検索結果 352 のうち 49-96件,https://www.amazon.co.jp/dp/B075TTWG1B
キャンメイク,https://www.amazon.co.jp/s?k=キャンメイク&page=1&ref=nb_sb_noss,検索結果 352 のうち 1-48件,https://www.amazon.co.jp/dp/B07J4S4TPH
サンダル+レディース,https://www.amazon.co.jp/s?k=サンダル+レディース&page=3&ref=nb_sb_noss,"検索結果 100,000 以上 のうち 97-144件",https://www.amazon.co.jp/dp/B07QF62B6D
サンダル+レディース,https://www.amazon.co.jp/s?k=サンダル+レディース&page=2&ref=nb_sb_noss,"検索結果 100,000 以上 のうち 49-96件",https://www.amazon.co.jp/dp/B07S1GP2PK
サンダル+レディース,https://www.amazon.co.jp/s?k=サンダル+レディース&page=1&ref=nb_sb_noss,"検索結果 100,000 以上 のうち 1-48件",https://www.amazon.co.jp/dp/B07TLNZ1RP
キャンメイク,https://www.amazon.co.jp/s?k=キャンメイク&page=2&ref=nb_sb_noss,検索結果 352 のうち 49-96件,https://www.amazon.co.jp/dp/B07FVYX6TL
キャンメイク,https://www.amazon.co.jp/s?k=キャンメイク&page=1&ref=nb_sb_noss,検索結果 352 のうち 1-48件,https://www.amazon.co.jp/dp/B06WD3VC4W
サンダル+レディース,https://www.amazon.co.jp/s?k=サンダル+レディース&page=3&ref=nb_sb_noss,"検索結果 100,000 以上 のうち 97-144件",https://www.amazon.co.jp/dp/B000MT0OWS
サンダル+レディース,https://www.amazon.co.jp/s?k=サンダル+レディース&page=2&ref=nb_sb_noss,"検索結果 100,000 以上 のうち 49-96件",https://www.amazon.co.jp/dp/B07SZBX6P1
サンダル+レディース,https://www.amazon.co.jp/s?k=サンダル+レディース&page=1&ref=nb_sb_noss,"検索結果 100,000 以上 のうち 1-48件",https://www.amazon.co.jp/dp/B01EL0YCPI
キャンメイク,https://www.amazon.co.jp/s?k=キャンメイク&page=2&ref=nb_sb_noss,検索結果 352 のうち 49-96件,https://www.amazon.co.jp/dp/B01CZC77ZG
キャンメイク,https://www.amazon.co.jp/s?k=キャンメイク&page=1&ref=nb_sb_noss,検索結果 352 のうち 1-48件,https://www.amazon.co.jp/dp/B075MC5RM4
サンダル+レディース,https://www.amazon.co.jp/s?k=サンダル+レディース&page=3&ref=nb_sb_noss,"検索結果 100,000 以上 のうち 97-144件",https://www.amazon.co.jp/dp/B07MV77GKZ
サンダル+レディース,https://www.amazon.co.jp/s?k=サンダル+レディース&page=2&ref=nb_sb_noss,"検索結果 100,000 以上 のうち 49-96件",https://www.amazon.co.jp/dp/B07F6PJBGJ
サンダル+レディース,https://www.amazon.co.jp/s?k=サンダル+レディース&page=1&ref=nb_sb_noss,"検索結果 100,000 以上 のうち 1-48件",https://www.amazon.co.jp/dp/B07PYZS6RB
キャンメイク,https://www.amazon.co.jp/s?k=キャンメイク&page=2&ref=nb_sb_noss,検索結果 352 のうち 49-96件,https://www.amazon.co.jp/dp/B00V45AC62
キャンメイク,https://www.amazon.co.jp/s?k=キャンメイク&page=1&ref=nb_sb_noss,検索結果 352 のうち 1-48件,https://www.amazon.co.jp/dp/B01GDLJAXW
サンダル+レディース,https://www.amazon.co.jp/s?k=サンダル+レディース&page=3&ref=nb_sb_noss,"検索結果 100,000 以上 のうち 97-144件",https://www.amazon.co.jp/dp/B01EL03BY6
サンダル+レディース,https://www.amazon.co.jp/s?k=サンダル+レディース&page=2&ref=nb_sb_noss,"検索結果 100,000 以上 のうち 49-96件",https://www.amazon.co.jp/dp/B01MR4XT5X
サンダル+レディース,https://www.amazon.co.jp/s?k=サンダル+レディース&page=1&ref=nb_sb_noss,"検索結果 100,000 以上 のうち 1-48件",https://www.amazon.co.jp/dp/B07RM3GPNB
キャンメイク,https://www.amazon.co.jp/s?k=キャンメイク&page=2&ref=nb_sb_noss,検索結果 352 のうち 49-96件,https://www.amazon.co.jp/dp/B00FKPSBGA
キャンメイク,https://www.amazon.co.jp/s?k=キャンメイク&page=1&ref=nb_sb_noss,検索結果 352 のうち 1-48件,https://www.amazon.co.jp/dp/B01CZC731O
サンダル+レディース,https://www.amazon.co.jp/s?k=サンダル+レディース&page=3&ref=nb_sb_noss,"検索結果 100,000 以上 のうち 97-144件",https://www.amazon.co.jp/dp/B07L4ZV4Z3
サンダル+レディース,https://www.amazon.co.jp/s?k=サンダル+レディース&page=2&ref=nb_sb_noss,"検索結果 100,000 以上 のうち 49-96件",https://www.amazon.co.jp/dp/B01EMSD4A8
サンダル+レディース,https://www.amazon.co.jp/s?k=サンダル+レディース&page=1&ref=nb_sb_noss,"検索結果 100,000 以上 のうち 1-48件",https://www.amazon.co.jp/dp/B07CN8ZD9X
キャンメイク,https://www.amazon.co.jp/s?k=キャンメイク&page=2&ref=nb_sb_noss,検索結果 352 のうち 49-96件,https://www.amazon.co.jp/dp/B07DFRCW31
キャンメイク,https://www.amazon.co.jp/s?k=キャンメイク&page=1&ref=nb_sb_noss,検索結果 352 のうち 1-48件,https://www.amazon.co.jp/dp/B07B45ZYTG
サンダル+レディース,https://www.amazon.co.jp/s?k=サンダル+レディース&page=3&ref=nb_sb_noss,"検索結果 100,000 以上 のうち 97-144件",https://www.amazon.co.jp/dp/B07WRPQTVD
サンダル+レディース,https://www.amazon.co.jp/s?k=サンダル+レディース&page=1&ref=nb_sb_noss,"検索結果 100,000 以上 のうち 1-48件",https://www.amazon.co.jp/dp/B07K8YDCZQ
キャンメイク,https://www.amazon.co.jp/s?k=キャンメイク&page=2&ref=nb_sb_noss,検索結果 352 のうち 49-96件,https://www.amazon.co.jp/dp/B01N2VT8DF
キャンメイク,https://www.amazon.co.jp/s?k=キャンメイク&page=1&ref=nb_sb_noss,検索結果 352 のうち 1-48件,https://www.amazon.co.jp/dp/B002G0WQXG
サンダル+レディース,https://www.amazon.co.jp/s?k=サンダル+レディース&page=3&ref=nb_sb_noss,"検索結果 100,000 以上 のうち 97-144件",https://www.amazon.co.jp/dp/B07B3X83KQ
キャンメイク,https://www.amazon.co.jp/s?k=キャンメイク&page=2&ref=nb_sb_noss,検索結果 352 のうち 49-96件,https://www.amazon.co.jp/dp/B00FKPSG1K
キャンメイク,https://www.amazon.co.jp/s?k=キャンメイク&page=1&ref=nb_sb_noss,検索結果 352 のうち 1-48件,https://www.amazon.co.jp/dp/B008RI8DB0
サンダル+レディース,https://www.amazon.co.jp/s?k=サンダル+レディース&page=3&ref=nb_sb_noss,"検索結果 100,000 以上 のうち 97-144件",https://www.amazon.co.jp/dp/B07W6NX6G8
キャンメイク,https://www.amazon.co.jp/s?k=キャンメイク&page=2&ref=nb_sb_noss,検索結果 352 のうち 49-96件,https://www.amazon.co.jp/dp/B015GNF14U
キャンメイク,https://www.amazon.co.jp/s?k=キャンメイク&page=1&ref=nb_sb_noss,検索結果 352 のうち 1-48件,https://www.amazon.co.jp/dp/B07DFM67LN
サンダル+レディース,https://www.amazon.co.jp/s?k=サンダル+レディース&page=3&ref=nb_sb_noss,"検索結果 100,000 以上 のうち 97-144件",https://www.amazon.co.jp/dp/B07RPRSLVS
キャンメイク,https://www.amazon.co.jp/s?k=キャンメイク&page=2&ref=nb_sb_noss,検索結果 352 のうち 49-96件,https://www.amazon.co.jp/dp/B01LZ1XJJ3
キャンメイク,https://www.amazon.co.jp/s?k=キャンメイク&page=1&ref=nb_sb_noss,検索結果 352 のうち 1-48件,https://www.amazon.co.jp/dp/B006GHR5EA
サンダル+レディース,https://www.amazon.co.jp/s?k=サンダル+レディース&page=3&ref=nb_sb_noss,"検索結果 100,000 以上 のうち 97-144件",https://www.amazon.co.jp/dp/B07RT5R2WX
キャンメイク,https://www.amazon.co.jp/s?k=キャンメイク&page=2&ref=nb_sb_noss,検索結果 352 のうち 49-96件,https://www.amazon.co.jp/dp/B00V45APPK
キャンメイク,https://www.amazon.co.jp/s?k=キャンメイク&page=1&ref=nb_sb_noss,検索結果 352 のうち 1-48件,https://www.amazon.co.jp/dp/B075MHXL8R
サンダル+レディース,https://www.amazon.co.jp/s?k=サンダル+レディース&page=3&ref=nb_sb_noss,"検索結果 100,000 以上 のうち 97-144件",https://www.amazon.co.jp/dp/B07L8L2RKY
キャンメイク,https://www.amazon.co.jp/s?k=キャンメイク&page=2&ref=nb_sb_noss,検索結果 352 のうち 49-96件,https://www.amazon.co.jp/dp/B07DFW8H77
キャンメイク,https://www.amazon.co.jp/s?k=キャンメイク&page=1&ref=nb_sb_noss,検索結果 352 のうち 1-48件,https://www.amazon.co.jp/dp/B07DFSYZ5Y
サンダル+レディース,https://www.amazon.co.jp/s?k=サンダル+レディース&page=3&ref=nb_sb_noss,"検索結果 100,000 以上 のうち 97-144件",https://www.amazon.co.jp/dp/B07TQ677CN
キャンメイク,https://www.amazon.co.jp/s?k=キャンメイク&page=2&ref=nb_sb_noss,検索結果 352 のうち 49-96件,https://www.amazon.co.jp/dp/B00VRN59ZK
キャンメイク,https://www.amazon.co.jp/s?k=キャンメイク&page=1&ref=nb_sb_noss,検索結果 352 のうち 1-48件,https://www.amazon.co.jp/dp/B00NW3FAVQ
サンダル+レディース,https://www.amazon.co.jp/s?k=サンダル+レディース&page=3&ref=nb_sb_noss,"検索結果 100,000 以上 のうち 97-144件",https://www.amazon.co.jp/dp/B014IQCWZM
キャンメイク,https://www.amazon.co.jp/s?k=キャンメイク&page=2&ref=nb_sb_noss,検索結果 352 のうち 49-96件,https://www.amazon.co.jp/dp/B078JM7VX4
